Workbook

Sheet Account Manager Data
A1: AM | B1: AM_Name | C1: area_id | D1: Postion
A2: AM001 | B2: Rizky Maulana | C2: Jawa | D2: 1
A3: AM002 | B3: Dedi Kurniawan | C3: Kalimantan | D3: 1
A4: AM003 | B4: Ahmad Fauzi | C4: Sumatera | D4: 1
A5: AM004 | B5: Eko Prasetyo | C5: Papua | D5: 1
A6: AM005 | B6: Fajar Ramadhan | C6: Sulawesi | D6: 1
A7: AM006 | B7: Hendra Gunawan | C7: Kalimantan | D7: 1
A8: AM007 | B8: Yusuf Hidayat | C8: Sumatera | D8: 2
A9: AM008 | B9: Budi Santoso | C9: Papua | D9: 2
A10: AM009 | B10: Teguh Wijaya | C10: Sulawesi | D10: 2
A11: AM010 | B11: Ilham Saputra | C11: Jawa | D11: 2

Sheet Target
I1: Achivement 2025 | X1: Target 2026
A2: Region | B2: Position | C2: AM | D2: Jan | E2: Feb | F2: Mar | G2: Apr | H2: Mei | I2: Jun | J2: Jul | K2: Aug | L2: Sep | M2: Oct | N2: Nov | O2: Dec | P2: FY | Q2: Jan | R2: Feb | S2: Mar | T2: Apr | U2: Mei | V2: Jun | W2: Jul | X2: Aug | Y2: Sep | Z2: Oct | AA2: Nov | AB2: Dec | AC2: FY
A3: {=XLOOKUP(C:C,'Account Manager Data'!B:B,'Account Manager Data'!C:C)} -> Jawa | B3: {=XLOOKUP(C3,'Account Manager Data'!$B:$B,'Account Manager Data'!$D:$D)} -> 1 | C3: ='Account Manager Data'!B2 -> Rizky Maulana | D3: 80000000 | E3: 82400000 | F3: 91464000 | G3: 105183600 | H3: 122012976 | I3: 1.4519544e+08 | J3: 1.7350855e+08 | K3: 2.1168043e+08 | L3: 2.6460054e+08 | M3: 3.3154448e+08 | N3: 4.6416227e+08 | O3: 5.8020284e+08 | P3: =SUM(D3:O3) -> 2651955138 | Q3: =SUMIFS(D29:D30,$B$29:$B$30,$B$3) -> 55696074 | R3: =SUMIFS($E$29:$E$30,$B$29:$B$30,B3) -> 69620093 | S3: =SUMIFS($F$29:$F$30,$B$29:$B$30,B3) -> 83544111 | T3: =SUMIFS($G$29:$G$30,$B$29:$B$30,B3) -> 97468130 | U3: =SUMIFS($H$29:$H$30,$B$29:$B$30,B3) -> 1.1139215e+08 | V3: =SUMIFS($I$29:$I$30,$B$29:$B$30,B3) -> 125316167 | W3: =SUMIFS($J$29:$J$30,$B$29:$B$30,B3) -> 125316167 | X3: =SUMIFS($K$29:$K$30,$B$29:$B$30,B3) -> 125316167 | Y3: =SUMIFS($L$29:$L$30,$B$29:$B$30,B3) -> 1.3924019e+08 | Z3: =SUMIFS($M$29:$M$30,$B$29:$B$30,B3) -> 1.3924019e+08 | AA3: =SUMIFS($N$29:$N$30,$B$29:$B$30,B3) -> 1.531642e+08 | AB3: =SUMIFS($O$29:$O$30,$B$29:$B$30,B3) -> 1.6708822e+08 | AC3: =SUM(Q3:AB3) -> 1392401856
A4: {=XLOOKUP(C:C,'Account Manager Data'!B:B,'Account Manager Data'!C:C)} -> Kalimantan | B4: {=XLOOKUP(C4,'Account Manager Data'!$B:$B,'Account Manager Data'!$D:$D)} -> 1 | C4: ='Account Manager Data'!B3 -> Dedi Kurniawan | D4: 50000000 | E4: 51500000 | F4: 55620000 | G4: 61182000 | H4: 68523840 | I4: 78802416 | J4: 94168887 | K4: 1.1394435e+08 | L4: 1.3901211e+08 | M4: 1.7237502e+08 | N4: 2.1495165e+08 | O4: 2.6868956e+08 | P4: =SUM(D4:O4) -> 1368769832 | Q4: =SUMIFS($D$29:$D$30,$B$29:$B$30,B4) -> 55696074 | R4: =SUMIFS($E$29:$E$30,$B$29:$B$30,B4) -> 69620093 | S4: =SUMIFS($F$29:$F$30,$B$29:$B$30,B4) -> 83544111 | T4: =SUMIFS($G$29:$G$30,$B$29:$B$30,B4) -> 97468130 | U4: =SUMIFS($H$29:$H$30,$B$29:$B$30,B4) -> 1.1139215e+08 | V4: =SUMIFS($I$29:$I$30,$B$29:$B$30,B4) -> 125316167 | W4: =SUMIFS($J$29:$J$30,$B$29:$B$30,B4) -> 125316167 | X4: =SUMIFS($K$29:$K$30,$B$29:$B$30,B4) -> 125316167 | Y4: =SUMIFS($L$29:$L$30,$B$29:$B$30,B4) -> 1.3924019e+08 | Z4: =SUMIFS($M$29:$M$30,$B$29:$B$30,B4) -> 1.3924019e+08 | AA4: =SUMIFS($N$29:$N$30,$B$29:$B$30,B4) -> 1.531642e+08 | AB4: =SUMIFS($O$29:$O$30,$B$29:$B$30,B4) -> 1.6708822e+08 | AC4: =SUM(Q4:AB4) -> 1392401856
A5: {=XLOOKUP(C:C,'Account Manager Data'!B:B,'Account Manager Data'!C:C)} -> Sumatera | B5: {=XLOOKUP(C5,'Account Manager Data'!$B:$B,'Account Manager Data'!$D:$D)} -> 1 | C5: ='Account Manager Data'!B4 -> Ahmad Fauzi | D5: 45000000 | E5: 46350000 | F5: 48667500 | G5: 52074225 | H5: 56240163 | I5: 61864179 | J5: 68978560 | K5: 77255987 | L5: 88844385 | M5: 1.0305949e+08 | N5: 1.210949e+08 | O5: 1.4410293e+08 | P5: =SUM(D5:O5) -> 9.1353231e+08 | Q5: =SUMIFS($D$29:$D$30,$B$29:$B$30,B5) -> 55696074 | R5: =SUMIFS($E$29:$E$30,$B$29:$B$30,B5) -> 69620093 | S5: =SUMIFS($F$29:$F$30,$B$29:$B$30,B5) -> 83544111 | T5: =SUMIFS($G$29:$G$30,$B$29:$B$30,B5) -> 97468130 | U5: =SUMIFS($H$29:$H$30,$B$29:$B$30,B5) -> 1.1139215e+08 | V5: =SUMIFS($I$29:$I$30,$B$29:$B$30,B5) -> 125316167 | W5: =SUMIFS($J$29:$J$30,$B$29:$B$30,B5) -> 125316167 | X5: =SUMIFS($K$29:$K$30,$B$29:$B$30,B5) -> 125316167 | Y5: =SUMIFS($L$29:$L$30,$B$29:$B$30,B5) -> 1.3924019e+08 | Z5: =SUMIFS($M$29:$M$30,$B$29:$B$30,B5) -> 1.3924019e+08 | AA5: =SUMIFS($N$29:$N$30,$B$29:$B$30,B5) -> 1.531642e+08 | AB5: =SUMIFS($O$29:$O$30,$B$29:$B$30,B5) -> 1.6708822e+08 | AC5: =SUM(Q5:AB5) -> 1392401856
A6: {=XLOOKUP(C:C,'Account Manager Data'!B:B,'Account Manager Data'!C:C)} -> Papua | B6: {=XLOOKUP(C6,'Account Manager Data'!$B:$B,'Account Manager Data'!$D:$D)} -> 1 | C6: ='Account Manager Data'!B5 -> Eko Prasetyo | D6: 60000000 | E6: 66000000 | F6: 76560000 | G6: 89575200 | H6: 104355108 | I6: 1.2418258e+08 | J6: 1.4653544e+08 | K6: 1.7510985e+08 | L6: 2.1013182e+08 | M6: 2.5636083e+08 | N6: 2.8584232e+08 | O6: 3.7159502e+08 | P6: =SUM(D6:O6) -> 1966248173 | Q6: =SUMIFS($D$29:$D$30,$B$29:$B$30,B6) -> 55696074 | R6: =SUMIFS($E$29:$E$30,$B$29:$B$30,B6) -> 69620093 | S6: =SUMIFS($F$29:$F$30,$B$29:$B$30,B6) -> 83544111 | T6: =SUMIFS($G$29:$G$30,$B$29:$B$30,B6) -> 97468130 | U6: =SUMIFS($H$29:$H$30,$B$29:$B$30,B6) -> 1.1139215e+08 | V6: =SUMIFS($I$29:$I$30,$B$29:$B$30,B6) -> 125316167 | W6: =SUMIFS($J$29:$J$30,$B$29:$B$30,B6) -> 125316167 | X6: =SUMIFS($K$29:$K$30,$B$29:$B$30,B6) -> 125316167 | Y6: =SUMIFS($L$29:$L$30,$B$29:$B$30,B6) -> 1.3924019e+08 | Z6: =SUMIFS($M$29:$M$30,$B$29:$B$30,B6) -> 1.3924019e+08 | AA6: =SUMIFS($N$29:$N$30,$B$29:$B$30,B6) -> 1.531642e+08 | AB6: =SUMIFS($O$29:$O$30,$B$29:$B$30,B6) -> 1.6708822e+08 | AC6: =SUM(Q6:AB6) -> 1392401856
A7: {=XLOOKUP(C:C,'Account Manager Data'!B:B,'Account Manager Data'!C:C)} -> Sulawesi | B7: {=XLOOKUP(C7,'Account Manager Data'!$B:$B,'Account Manager Data'!$D:$D)} -> 1 | C7: ='Account Manager Data'!B6 -> Fajar Ramadhan | D7: 40000000 | E7: 43600000 | F7: 48396000 | G7: 54203520 | H7: 61249978 | I7: 69824974 | J7: 80298721 | K7: 93146516 | L7: 1.0991289e+08 | M7: 1.3189547e+08 | N7: 1.5893404e+08 | O7: 1.9072084e+08 | P7: =SUM(D7:O7) -> 1082182946 | Q7: =SUMIFS($D$29:$D$30,$B$29:$B$30,B7) -> 55696074 | R7: =SUMIFS($E$29:$E$30,$B$29:$B$30,B7) -> 69620093 | S7: =SUMIFS($F$29:$F$30,$B$29:$B$30,B7) -> 83544111 | T7: =SUMIFS($G$29:$G$30,$B$29:$B$30,B7) -> 97468130 | U7: =SUMIFS($H$29:$H$30,$B$29:$B$30,B7) -> 1.1139215e+08 | V7: =SUMIFS($I$29:$I$30,$B$29:$B$30,B7) -> 125316167 | W7: =SUMIFS($J$29:$J$30,$B$29:$B$30,B7) -> 125316167 | X7: =SUMIFS($K$29:$K$30,$B$29:$B$30,B7) -> 125316167 | Y7: =SUMIFS($L$29:$L$30,$B$29:$B$30,B7) -> 1.3924019e+08 | Z7: =SUMIFS($M$29:$M$30,$B$29:$B$30,B7) -> 1.3924019e+08 | AA7: =SUMIFS($N$29:$N$30,$B$29:$B$30,B7) -> 1.531642e+08 | AB7: =SUMIFS($O$29:$O$30,$B$29:$B$30,B7) -> 1.6708822e+08 | AC7: =SUM(Q7:AB7) -> 1392401856
A8: {=XLOOKUP(C:C,'Account Manager Data'!B:B,'Account Manager Data'!C:C)} -> Kalimantan | B8: {=XLOOKUP(C8,'Account Manager Data'!$B:$B,'Account Manager Data'!$D:$D)} -> 1 | C8: ='Account Manager Data'!B7 -> Hendra Gunawan | D8: 25000000 | E8: 25500000 | F8: 26265000 | G8: 27052950 | H8: 28270333 | I8: 29683849 | J8: 31019623 | K8: 32880800 | L8: 35840072 | M8: 37632076 | N8: 38761038 | O8: 39536259 | P8: =SUM(D8:O8) -> 3.77442e+08 | Q8: =SUMIFS($D$29:$D$30,$B$29:$B$30,B8) -> 55696074 | R8: =SUMIFS($E$29:$E$30,$B$29:$B$30,B8) -> 69620093 | S8: =SUMIFS($F$29:$F$30,$B$29:$B$30,B8) -> 83544111 | T8: =SUMIFS($G$29:$G$30,$B$29:$B$30,B8) -> 97468130 | U8: =SUMIFS($H$29:$H$30,$B$29:$B$30,B8) -> 1.1139215e+08 | V8: =SUMIFS($I$29:$I$30,$B$29:$B$30,B8) -> 125316167 | W8: =SUMIFS($J$29:$J$30,$B$29:$B$30,B8) -> 125316167 | X8: =SUMIFS($K$29:$K$30,$B$29:$B$30,B8) -> 125316167 | Y8: =SUMIFS($L$29:$L$30,$B$29:$B$30,B8) -> 1.3924019e+08 | Z8: =SUMIFS($M$29:$M$30,$B$29:$B$30,B8) -> 1.3924019e+08 | AA8: =SUMIFS($N$29:$N$30,$B$29:$B$30,B8) -> 1.531642e+08 | AB8: =SUMIFS($O$29:$O$30,$B$29:$B$30,B8) -> 1.6708822e+08 | AC8: =SUM(Q8:AB8) -> 1392401856
A9: {=XLOOKUP(C:C,'Account Manager Data'!B:B,'Account Manager Data'!C:C)} -> Sumatera | B9: {=XLOOKUP(C9,'Account Manager Data'!$B:$B,'Account Manager Data'!$D:$D)} -> 2 | C9: ='Account Manager Data'!B8 -> Yusuf Hidayat | D9: 27000000 | E9: 27540000 | F9: 28366200 | G9: 29217186 | H9: 30531959 | I9: 32058557 | J9: 33501192 | K9: 35511264 | L9: 38707278 | M9: 40642642 | N9: 41861921 | O9: 42699159 | P9: =SUM(D9:O9) -> 4.0763736e+08 | Q9: =SUMIFS($D$29:$D$30,$B$29:$B$30,B9) -> 27848037 | R9: =SUMIFS($E$29:$E$30,$B$29:$B$30,B9) -> 34810046 | S9: =SUMIFS($F$29:$F$30,$B$29:$B$30,B9) -> 41772056 | T9: =SUMIFS($G$29:$G$30,$B$29:$B$30,B9) -> 48734065 | U9: =SUMIFS($H$29:$H$30,$B$29:$B$30,B9) -> 55696074 | V9: =SUMIFS($I$29:$I$30,$B$29:$B$30,B9) -> 62658084 | W9: =SUMIFS($J$29:$J$30,$B$29:$B$30,B9) -> 62658084 | X9: =SUMIFS($K$29:$K$30,$B$29:$B$30,B9) -> 62658084 | Y9: =SUMIFS($L$29:$L$30,$B$29:$B$30,B9) -> 69620093 | Z9: =SUMIFS($M$29:$M$30,$B$29:$B$30,B9) -> 69620093 | AA9: =SUMIFS($N$29:$N$30,$B$29:$B$30,B9) -> 76582102 | AB9: =SUMIFS($O$29:$O$30,$B$29:$B$30,B9) -> 83544111 | AC9: =SUM(Q9:AB9) -> 6.9620093e+08
A10: {=XLOOKUP(C:C,'Account Manager Data'!B:B,'Account Manager Data'!C:C)} -> Papua | B10: {=XLOOKUP(C10,'Account Manager Data'!$B:$B,'Account Manager Data'!$D:$D)} -> 2 | C10: ='Account Manager Data'!B9 -> Budi Santoso | D10: 30000000 | E10: 30600000 | F10: 31518000 | G10: 32463540 | H10: 33924399 | I10: 35620619 | J10: 37223547 | K10: 39456960 | L10: 43008086 | M10: 45158491 | N10: 46513245 | O10: 47443510 | P10: =SUM(D10:O10) -> 4.529304e+08 | Q10: =SUMIFS($D$29:$D$30,$B$29:$B$30,B10) -> 27848037 | R10: =SUMIFS($E$29:$E$30,$B$29:$B$30,B10) -> 34810046 | S10: =SUMIFS($F$29:$F$30,$B$29:$B$30,B10) -> 41772056 | T10: =SUMIFS($G$29:$G$30,$B$29:$B$30,B10) -> 48734065 | U10: =SUMIFS($H$29:$H$30,$B$29:$B$30,B10) -> 55696074 | V10: =SUMIFS($I$29:$I$30,$B$29:$B$30,B10) -> 62658084 | W10: =SUMIFS($J$29:$J$30,$B$29:$B$30,B10) -> 62658084 | X10: =SUMIFS($K$29:$K$30,$B$29:$B$30,B10) -> 62658084 | Y10: =SUMIFS($L$29:$L$30,$B$29:$B$30,B10) -> 69620093 | Z10: =SUMIFS($M$29:$M$30,$B$29:$B$30,B10) -> 69620093 | AA10: =SUMIFS($N$29:$N$30,$B$29:$B$30,B10) -> 76582102 | AB10: =SUMIFS($O$29:$O$30,$B$29:$B$30,B10) -> 83544111 | AC10: =SUM(Q10:AB10) -> 6.9620093e+08
A11: {=XLOOKUP(C:C,'Account Manager Data'!B:B,'Account Manager Data'!C:C)} -> Sulawesi | B11: {=XLOOKUP(C11,'Account Manager Data'!$B:$B,'Account Manager Data'!$D:$D)} -> 2 | C11: ='Account Manager Data'!B10 -> Teguh Wijaya | D11: 20000000 | E11: 20400000 | F11: 21012000 | G11: 21642360 | H11: 22616266 | I11: 23747080 | J11: 24815698 | K11: 26304640 | L11: 28672058 | M11: 30105660 | N11: 31008830 | O11: 31629007 | P11: =SUM(D11:O11) -> 3.019536e+08 | Q11: =SUMIFS($D$29:$D$30,$B$29:$B$30,B11) -> 27848037 | R11: =SUMIFS($E$29:$E$30,$B$29:$B$30,B11) -> 34810046 | S11: =SUMIFS($F$29:$F$30,$B$29:$B$30,B11) -> 41772056 | T11: =SUMIFS($G$29:$G$30,$B$29:$B$30,B11) -> 48734065 | U11: =SUMIFS($H$29:$H$30,$B$29:$B$30,B11) -> 55696074 | V11: =SUMIFS($I$29:$I$30,$B$29:$B$30,B11) -> 62658084 | W11: =SUMIFS($J$29:$J$30,$B$29:$B$30,B11) -> 62658084 | X11: =SUMIFS($K$29:$K$30,$B$29:$B$30,B11) -> 62658084 | Y11: =SUMIFS($L$29:$L$30,$B$29:$B$30,B11) -> 69620093 | Z11: =SUMIFS($M$29:$M$30,$B$29:$B$30,B11) -> 69620093 | AA11: =SUMIFS($N$29:$N$30,$B$29:$B$30,B11) -> 76582102 | AB11: =SUMIFS($O$29:$O$30,$B$29:$B$30,B11) -> 83544111 | AC11: =SUM(Q11:AB11) -> 6.9620093e+08
A12: {=XLOOKUP(C:C,'Account Manager Data'!B:B,'Account Manager Data'!C:C)} -> Jawa | B12: {=XLOOKUP(C12,'Account Manager Data'!$B:$B,'Account Manager Data'!$D:$D)} -> 2 | C12: ='Account Manager Data'!B11 -> Ilham Saputra | D12: 40000000 | E12: 40800000 | F12: 42024000 | G12: 43284720 | H12: 45232532 | I12: 47494159 | J12: 49631396 | K12: 52609280 | L12: 57344115 | M12: 60211321 | N12: 62017661 | O12: 63258014 | P12: =SUM(D12:O12) -> 6.039072e+08 | Q12: =SUMIFS($D$29:$D$30,$B$29:$B$30,B12) -> 27848037 | R12: =SUMIFS($E$29:$E$30,$B$29:$B$30,B12) -> 34810046 | S12: =SUMIFS($F$29:$F$30,$B$29:$B$30,B12) -> 41772056 | T12: =SUMIFS($G$29:$G$30,$B$29:$B$30,B12) -> 48734065 | U12: =SUMIFS($H$29:$H$30,$B$29:$B$30,B12) -> 55696074 | V12: =SUMIFS($I$29:$I$30,$B$29:$B$30,B12) -> 62658084 | W12: =SUMIFS($J$29:$J$30,$B$29:$B$30,B12) -> 62658084 | X12: =SUMIFS($K$29:$K$30,$B$29:$B$30,B12) -> 62658084 | Y12: =SUMIFS($L$29:$L$30,$B$29:$B$30,B12) -> 69620093 | Z12: =SUMIFS($M$29:$M$30,$B$29:$B$30,B12) -> 69620093 | AA12: =SUMIFS($N$29:$N$30,$B$29:$B$30,B12) -> 76582102 | AB12: =SUMIFS($O$29:$O$30,$B$29:$B$30,B12) -> 83544111 | AC12: =SUM(Q12:AB12) -> 6.9620093e+08
A13: Total | D13: =SUM(D1:D12) -> 417000000 | E13: =SUM(E1:E12) -> 434690000 | F13: =SUM(F1:F12) -> 469892700 | G13: =SUM(G1:G12) -> 515879301 | H13: =SUM(H1:H12) -> 5.7295755e+08 | I13: =SUM(I1:I12) -> 6.4847385e+08 | J13: =SUM(J1:J12) -> 7.3968162e+08 | K13: =SUM(K1:K12) -> 8.5790009e+08 | ... O13: =SUM(O1:O12) -> 1779877137 | P13: =SUM(P3:P12) -> 10126558952 | Q13: =SUM(Q3:Q12) -> 4.4556859e+08 | R13: =SUM(R3:R12) -> 5.5696074e+08 | S13: =SUM(S3:S12) -> 6.6835289e+08 | T13: =SUM(T3:T12) -> 7.7974504e+08 | U13: =SUM(U3:U12) -> 8.9113719e+08 | V13: =SUM(V3:V12) -> 1002529336 | W13: =SUM(W3:W12) -> 1002529336 | ... AB13: =SUM(AB3:AB12) -> 1336705782 | AC13: 1.1139215e+10
A16: Target 2026
A17: Revenue 25 | C17: =P13 -> 10126558952
A18: Growth | C18: 0.1 | D18: =C17*C18 -> 1012655895 | P18: -
A19: Target 26 | C19: =D18+C17 -> 11139214847
A21: Target 2026 | D21: Jan | E21: Feb | F21: Mar | G21: Apr | H21: Mei | I21: Jun | J21: Jul | K21: Aug | L21: Sep | M21: Oct | N21: Nov | O21: Dec | P21: FY
A22: Postion | B22: Level | C22: Weighting | D22: 0.04 | E22: 0.05 | F22: 0.06 | G22: 0.07 | H22: 0.08 | I22: 0.09 | J22: 0.09 | K22: 0.09 | L22: 0.1 | M22: 0.1 | N22: 0.11 | O22: 0.12 | P22: =SUM(D22:O22) -> 1
A23: Senior | B23: 1 | C23: 0.75 | D23: =$C$23*D25 -> 3.3417645e+08 | E23: =$C$23*E25 -> 4.1772056e+08 | F23: =$C$23*F25 -> 5.0126467e+08 | G23: =$C$23*G25 -> 5.8480878e+08 | H23: =$C$23*H25 -> 6.6835289e+08 | I23: =$C$23*I25 -> 7.51897e+08 | J23: =$C$23*J25 -> 7.51897e+08 | K23: =$C$23*K25 -> 7.51897e+08 | ... O23: =$C$23*O25 -> 1002529336 | P23: =SUM(B23:O23) -> 8354411137
A24: Junior | B24: 2 | C24: 0.25 | D24: =$C$24*D25 -> 1.1139215e+08 | E24: =$C$24*E25 -> 1.3924019e+08 | F24: =$C$24*F25 -> 1.6708822e+08 | G24: =$C$24*G25 -> 1.9493626e+08 | H24: =$C$24*H25 -> 2.227843e+08 | I24: =$C$24*I25 -> 2.5063233e+08 | J24: =$C$24*J25 -> 2.5063233e+08 | K24: =$C$24*K25 -> 2.5063233e+08 | ... O24: =$C$24*O25 -> 3.3417645e+08 | P24: =SUM(B24:O24) -> 2784803714
A25: Total | C25: =C23+C24 -> 1 | D25: =$AC$13*D22 -> 4.4556859e+08 | E25: =$AC$13*E22 -> 5.5696074e+08 | F25: =$AC$13*F22 -> 6.6835289e+08 | G25: =$AC$13*G22 -> 7.7974504e+08 | H25: =$AC$13*H22 -> 8.9113719e+08 | I25: =$AC$13*I22 -> 1002529336 | J25: =$AC$13*J22 -> 1002529336 | K25: =$AC$13*K22 -> 1002529336 | ... O25: =$AC$13*O22 -> 1336705782 | P25: =SUM(D25:O25) -> 11139214847
A28: Target 2026 | B28: Level | C28: Total Employee | D28: Jan | E28: Feb | F28: Mar | G28: Apr | H28: Mei | I28: Jun | J28: Jul | K28: Aug | L28: Sep | M28: Oct | N28: Nov | O28: Dec | P28: FY
A29: Senior | B29: 1 | C29: 6 | D29: =D23/6 -> 55696074 | E29: =E23/6 -> 69620093 | F29: =F23/6 -> 83544111 | G29: =G23/6 -> 97468130 | H29: =H23/6 -> 1.1139215e+08 | I29: =I23/6 -> 125316167 | J29: =J23/6 -> 125316167 | K29: =K23/6 -> 125316167 | ... O29: =O23/6 -> 1.6708822e+08 | P29: =SUM(B29:O29) -> 1392401863
A30: Junior | B30: 2 | C30: 4 | D30: =D24/4 -> 27848037 | E30: =E24/4 -> 34810046 | F30: =F24/4 -> 41772056 | G30: =G24/4 -> 48734065 | H30: =H24/4 -> 55696074 | I30: =I24/4 -> 62658084 | J30: =J24/4 -> 62658084 | K30: =K24/4 -> 62658084 | ... O30: =O24/4 -> 83544111 | P30: =SUM(B30:O30) -> 6.9620093e+08
A31: Total | C31: =C29+C30 -> 10 | P31: =SUM(D31:O31) -> 0

Sheet Raw Revenue
A1: p_id_jan | B1: revenue_jan | C1: p_id_feb | D1: revenue_feb | E1: p_id_mar | F1: revenue_mar | G1: p_id_apr | H1: revenue_apr | I1: p_id_may | J1: revenue_may | K1: p_id_jun | L1: revenue_jun | M1: p_id_jul | N1: revenue_jul | O1: p_id_aug | P1: revenue_aug | Q1: p_id_sep | R1: revenue_sep | S1: p_id_oct | T1: revenue_oct | U1: p_id_nov | V1: revenue_nov | W1: p_id_dec | X1: revenue_dec
A2: PRJ00162 | B2: 7000000 | C2: PRJ00162 | D2: 8470588 | E2: PRJ00162 | F2: 3036145 | G2: PRJ00162 | H2: 1714286 | I2: PRJ00162 | J2: 1281690 | K2: PRJ00162 | L2: 4290650 | M2: PRJ00162 | N2: 30172414 | O2: PRJ00162 | Q2: PRJ00162 | S2: PRJ00162 | U2: PRJ00162 | W2: PRJ00162
A3: PRJ00192 | B3: 2800000 | C3: PRJ00192 | D3: 5647059 | E3: PRJ00192 | F3: 6072289 | G3: PRJ00192 | H3: 10285714 | I3: PRJ00192 | J3: 6408451 | K3: PRJ00192 | L3: 14953236 | M3: PRJ00192 | N3: 8620690 | O3: PRJ00192 | Q3: PRJ00192 | S3: PRJ00192 | U3: PRJ00192 | W3: PRJ00192
A4: PRJ00202 | B4: 6300000 | C4: PRJ00202 | D4: 8470588 | E4: PRJ00202 | F4: 9108434 | G4: PRJ00202 | H4: 5142857 | I4: PRJ00202 | J4: 7690141 | K4: PRJ00202 | L4: 3817905 | M4: PRJ00202 | N4: 38793103 | O4: PRJ00202 | Q4: PRJ00202 | S4: PRJ00202 | U4: PRJ00202 | W4: PRJ00202
A5: PRJ00252 | B5: 700000 | C5: PRJ00252 | D5: 5647059 | E5: PRJ00252 | F5: 6072289 | G5: PRJ00252 | H5: 5142857 | I5: PRJ00252 | J5: 2563380 | K5: PRJ00252 | L5: 1214584 | M5: PRJ00252 | N5: 21551724 | O5: PRJ00252 | Q5: PRJ00252 | S5: PRJ00252 | U5: PRJ00252 | W5: PRJ00252
A6: PRJ00302 | B6: 4200000 | C6: PRJ00302 | D6: 9411765 | E6: PRJ00302 | F6: 3036145 | G6: PRJ00302 | H6: 1714286 | I6: PRJ00302 | J6: 2563380 | K6: PRJ00302 | L6: 1453277 | M6: PRJ00302 | N6: 0 | O6: PRJ00302 | Q6: PRJ00302 | S6: PRJ00302 | U6: PRJ00302 | W6: PRJ00302
A7: PRJ00372 | B7: 7000000 | C7: PRJ00372 | D7: 9411765 | E7: PRJ00372 | F7: 4048193 | G7: PRJ00372 | H7: 1714286 | I7: PRJ00372 | J7: 7690141 | K7: PRJ00372 | L7: 13499019 | M7: PRJ00372 | N7: 4310345 | O7: PRJ00372 | Q7: PRJ00372 | S7: PRJ00372 | U7: PRJ00372 | W7: PRJ00372
A8: PRJ00422 | B8: 1400000 | C8: PRJ00422 | D8: 9411765 | E8: PRJ00422 | F8: 9108434 | G8: PRJ00422 | H8: 5142857 | I8: PRJ00422 | J8: 7690141 | K8: PRJ00422 | L8: 5193569 | M8: PRJ00422 | N8: 0 | O8: PRJ00422 | Q8: PRJ00422 | S8: PRJ00422 | U8: PRJ00422 | W8: PRJ00422
A9: PRJ00432 | B9: 5600000 | C9: PRJ00432 | D9: 941176 | E9: PRJ00432 | F9: 4048193 | G9: PRJ00432 | H9: 1714286 | I9: PRJ00432 | J9: 10253521 | K9: PRJ00432 | L9: 2488250 | M9: PRJ00432 | N9: 43103448 | O9: PRJ00432 | Q9: PRJ00432 | S9: PRJ00432 | U9: PRJ00432 | W9: PRJ00432
A10: PRJ00502 | B10: 4900000 | C10: PRJ00502 | D10: 7529412 | E10: PRJ00502 | F10: 6072289 | G10: PRJ00502 | H10: 3428571 | I10: PRJ00502 | J10: 12816901 | K10: PRJ00502 | L10: 11944937 | M10: PRJ00502 | N10: 30172414 | O10: PRJ00502 | Q10: PRJ00502 | S10: PRJ00502 | U10: PRJ00502 | W10: PRJ00502
A11: PRJ00522 | B11: 4200000 | C11: PRJ00522 | D11: 5647059 | E11: PRJ00522 | F11: 9108434 | G11: PRJ00522 | H11: 12000000 | I11: PRJ00522 | J11: 11535211 | K11: PRJ00522 | L11: 13824614 | M11: PRJ00522 | N11: 43103448 | O11: PRJ00522 | Q11: PRJ00522 | S11: PRJ00522 | U11: PRJ00522 | W11: PRJ00522
A12: PRJ00542 | B12: 4900000 | C12: PRJ00542 | D12: 941176 | E12: PRJ00542 | F12: 10120482 | G12: PRJ00542 | H12: 13714286 | I12: PRJ00542 | J12: 5126761 | K12: PRJ00542 | L12: 5768106 | M12: PRJ00542 | N12: 8620690 | O12: PRJ00542 | Q12: PRJ00542 | S12: PRJ00542 | U12: PRJ00542 | W12: PRJ00542
A13: PRJ00902 | B13: 2800000 | C13: PRJ00902 | D13: 1882353 | E13: PRJ00902 | F13: 9108434 | G13: PRJ00902 | H13: 13714286 | I13: PRJ00902 | J13: 11535211 | K13: PRJ00902 | L13: 14061049 | M13: PRJ00902 | N13: 0 | O13: PRJ00902 | Q13: PRJ00902 | S13: PRJ00902 | U13: PRJ00902 | W13: PRJ00902
... A41: PRJ00957 | B41: 0 | C41: PRJ00957 | D41: 0 | E41: PRJ00957 | F41: 0 | G41: PRJ00957 | H41: 0 | I41: PRJ00957 | J41: 0 | K41: PRJ00957 | L41: 0 | M41: PRJ00957 | N41: 0 | O41: PRJ00957 | Q41: PRJ00957 | S41: PRJ00957 | U41: PRJ00957 | W41: PRJ00957
A42: PRJ00038 | B42: ='Generate Dummy Closed WON (Reve'!D72 -> 8011079.2 | C42: PRJ00038 | D42: ='Generate Dummy Closed WON (Reve'!E72 -> 8011079.2 | E42: PRJ00038 | F42: ='Generate Dummy Closed WON (Reve'!F72 -> 16022158 | G42: PRJ00038 | H42: ='Generate Dummy Closed WON (Reve'!G72 -> 13084763 | I42: PRJ00038 | J42: ='Generate Dummy Closed WON (Reve'!H72 -> 11749583 | K42: PRJ00038 | L42: ='Generate Dummy Closed WON (Reve'!I72 -> 30041547 | M42: PRJ00038 | N42: ='Generate Dummy Closed WON (Reve'!J72 -> 27638223 | O42: PRJ00038 | Q42: PRJ00038 | S42: PRJ00038 | U42: PRJ00038 | W42: PRJ00038
A43: PRJ00078 | B43: ='Generate Dummy Closed WON (Reve'!D73 -> 3433319.6 | C43: PRJ00078 | D43: ='Generate Dummy Closed WON (Reve'!E73 -> 3433319.6 | E43: PRJ00078 | F43: ='Generate Dummy Closed WON (Reve'!F73 -> 6866639.3 | G43: PRJ00078 | H43: ='Generate Dummy Closed WON (Reve'!G73 -> 5607755.4 | I43: PRJ00078 | J43: ='Generate Dummy Closed WON (Reve'!H73 -> 5035535.5 | K43: PRJ00078 | L43: ='Generate Dummy Closed WON (Reve'!I73 -> 12874949 | M43: PRJ00078 | N43: ='Generate Dummy Closed WON (Reve'!J73 -> 11844953 | O43: PRJ00078 | Q43: PRJ00078 | S43: PRJ00078 | U43: PRJ00078 | W43: PRJ00078
A44: PRJ00198 | B44: ='Generate Dummy Closed WON (Reve'!D74 -> 6866639.3 | C44: PRJ00198 | D44: ='Generate Dummy Closed WON (Reve'!E74 -> 6866639.3 | E44: PRJ00198 | F44: ='Generate Dummy Closed WON (Reve'!F74 -> 13733279 | G44: PRJ00198 | H44: ='Generate Dummy Closed WON (Reve'!G74 -> 11215511 | I44: PRJ00198 | J44: ='Generate Dummy Closed WON (Reve'!H74 -> 10071071 | K44: PRJ00198 | L44: ='Generate Dummy Closed WON (Reve'!I74 -> 25749897 | M44: PRJ00198 | N44: ='Generate Dummy Closed WON (Reve'!J74 -> 23689906 | O44: PRJ00198 | Q44: PRJ00198 | S44: PRJ00198 | U44: PRJ00198 | W44: PRJ00198
A45: PRJ00269 | B45: ='Generate Dummy Closed WON (Reve'!D75 -> 8011079.2 | C45: PRJ00269 | D45: ='Generate Dummy Closed WON (Reve'!E75 -> 8011079.2 | E45: PRJ00269 | F45: ='Generate Dummy Closed WON (Reve'!F75 -> 16022158 | G45: PRJ00269 | H45: ='Generate Dummy Closed WON (Reve'!G75 -> 13084763 | I45: PRJ00269 | J45: ='Generate Dummy Closed WON (Reve'!H75 -> 11749583 | K45: PRJ00269 | L45: ='Generate Dummy Closed WON (Reve'!I75 -> 30041547 | M45: PRJ00269 | N45: ='Generate Dummy Closed WON (Reve'!J75 -> 27638223 | O45: PRJ00269 | Q45: PRJ00269 | S45: PRJ00269 | U45: PRJ00269 | W45: PRJ00269
A46: PRJ00378 | B46: ='Generate Dummy Closed WON (Reve'!D76 -> 3433319.6 | C46: PRJ00378 | D46: ='Generate Dummy Closed WON (Reve'!E76 -> 3433319.6 | E46: PRJ00378 | F46: ='Generate Dummy Closed WON (Reve'!F76 -> 6866639.3 | G46: PRJ00378 | H46: ='Generate Dummy Closed WON (Reve'!G76 -> 5607755.4 | I46: PRJ00378 | J46: ='Generate Dummy Closed WON (Reve'!H76 -> 5035535.5 | K46: PRJ00378 | L46: ='Generate Dummy Closed WON (Reve'!I76 -> 12874949 | M46: PRJ00378 | N46: ='Generate Dummy Closed WON (Reve'!J76 -> 11844953 | O46: PRJ00378 | Q46: PRJ00378 | S46: PRJ00378 | U46: PRJ00378 | W46: PRJ00378
A47: PRJ00509 | B47: ='Generate Dummy Closed WON (Reve'!D77 -> 4577759.5 | C47: PRJ00509 | D47: ='Generate Dummy Closed WON (Reve'!E77 -> 4577759.5 | E47: PRJ00509 | F47: ='Generate Dummy Closed WON (Reve'!F77 -> 9155519.1 | G47: PRJ00509 | H47: ='Generate Dummy Closed WON (Reve'!G77 -> 7477007.2 | I47: PRJ00509 | J47: ='Generate Dummy Closed WON (Reve'!H77 -> 6714047.3 | K47: PRJ00509 | L47: ='Generate Dummy Closed WON (Reve'!I77 -> 17166598 | M47: PRJ00509 | N47: ='Generate Dummy Closed WON (Reve'!J77 -> 15793270 | O47: PRJ00509 | Q47: PRJ00509 | S47: PRJ00509 | U47: PRJ00509 | W47: PRJ00509
A48: PRJ00569 | B48: ='Generate Dummy Closed WON (Reve'!D78 -> 9155519.1 | C48: PRJ00569 | D48: ='Generate Dummy Closed WON (Reve'!E78 -> 9155519.1 | E48: PRJ00569 | F48: ='Generate Dummy Closed WON (Reve'!F78 -> 18311038 | G48: PRJ00569 | H48: ='Generate Dummy Closed WON (Reve'!G78 -> 14954014 | I48: PRJ00569 | J48: ='Generate Dummy Closed WON (Reve'!H78 -> 13428095 | K48: PRJ00569 | L48: ='Generate Dummy Closed WON (Reve'!I78 -> 34333196 | M48: PRJ00569 | N48: ='Generate Dummy Closed WON (Reve'!J78 -> 31586541 | O48: PRJ00569 | Q48: PRJ00569 | S48: PRJ00569 | U48: PRJ00569 | W48: PRJ00569
A49: PRJ00669 | B49: ='Generate Dummy Closed WON (Reve'!D79 -> 9155519.1 | C49: PRJ00669 | D49: ='Generate Dummy Closed WON (Reve'!E79 -> 9155519.1 | E49: PRJ00669 | F49: ='Generate Dummy Closed WON (Reve'!F79 -> 18311038 | G49: PRJ00669 | H49: ='Generate Dummy Closed WON (Reve'!G79 -> 14954014 | I49: PRJ00669 | J49: ='Generate Dummy Closed WON (Reve'!H79 -> 13428095 | K49: PRJ00669 | L49: ='Generate Dummy Closed WON (Reve'!I79 -> 34333196 | M49: PRJ00669 | N49: ='Generate Dummy Closed WON (Reve'!J79 -> 31586541 | O49: PRJ00669 | Q49: PRJ00669 | S49: PRJ00669 | U49: PRJ00669 | W49: PRJ00669
A50: PRJ00829 | B50: ='Generate Dummy Closed WON (Reve'!D80 -> 6866639.3 | C50: PRJ00829 | D50: ='Generate Dummy Closed WON (Reve'!E80 -> 6866639.3 | E50: PRJ00829 | F50: ='Generate Dummy Closed WON (Reve'!F80 -> 13733279 | G50: PRJ00829 | H50: ='Generate Dummy Closed WON (Reve'!G80 -> 11215511 | I50: PRJ00829 | J50: ='Generate Dummy Closed WON (Reve'!H80 -> 10071071 | K50: PRJ00829 | L50: ='Generate Dummy Closed WON (Reve'!I80 -> 25749897 | M50: PRJ00829 | N50: ='Generate Dummy Closed WON (Reve'!J80 -> 23689906 | O50: PRJ00829 | Q50: PRJ00829 | S50: PRJ00829 | U50: PRJ00829 | W50: PRJ00829
A51: PRJ00878 | B51: ='Generate Dummy Closed WON (Reve'!D81 -> 9155519.1 | C51: PRJ00878 | D51: ='Generate Dummy Closed WON (Reve'!E81 -> 9155519.1 | E51: PRJ00878 | F51: ='Generate Dummy Closed WON (Reve'!F81 -> 18311038 | G51: PRJ00878 | H51: ='Generate Dummy Closed WON (Reve'!G81 -> 14954014 | I51: PRJ00878 | J51: ='Generate Dummy Closed WON (Reve'!H81 -> 13428095 | K51: PRJ00878 | L51: ='Generate Dummy Closed WON (Reve'!I81 -> 34333196 | M51: PRJ00878 | N51: ='Generate Dummy Closed WON (Reve'!J81 -> 31586541 | O51: PRJ00878 | Q51: PRJ00878 | S51: PRJ00878 | U51: PRJ00878 | W51: PRJ00878
A52: PRJ00889 | B52: ='Generate Dummy Closed WON (Reve'!D82 -> 11444399 | C52: PRJ00889 | D52: ='Generate Dummy Closed WON (Reve'!E82 -> 11444399 | E52: PRJ00889 | F52: ='Generate Dummy Closed WON (Reve'!F82 -> 22888798 | G52: PRJ00889 | H52: ='Generate Dummy Closed WON (Reve'!G82 -> 18692518 | I52: PRJ00889 | J52: ='Generate Dummy Closed WON (Reve'!H82 -> 16785118 | K52: PRJ00889 | L52: ='Generate Dummy Closed WON (Reve'!I82 -> 42916496 | M52: PRJ00889 | N52: ='Generate Dummy Closed WON (Reve'!J82 -> 39483176 | O52: PRJ00889 | Q52: PRJ00889 | S52: PRJ00889 | U52: PRJ00889 | W52: PRJ00889
A53: PRJ00949 | B53: ='Generate Dummy Closed WON (Reve'!D83 -> 3433319.6 | C53: PRJ00949 | D53: ='Generate Dummy Closed WON (Reve'!E83 -> 3433319.6 | E53: PRJ00949 | F53: ='Generate Dummy Closed WON (Reve'!F83 -> 6866639.3 | G53: PRJ00949 | H53: ='Generate Dummy Closed WON (Reve'!G83 -> 5607755.4 | I53: PRJ00949 | J53: ='Generate Dummy Closed WON (Reve'!H83 -> 5035535.5 | K53: PRJ00949 | L53: ='Generate Dummy Closed WON (Reve'!I83 -> 12874949 | M53: PRJ00949 | N53: ='Generate Dummy Closed WON (Reve'!J83 -> 11844953 | O53: PRJ00949 | Q53: PRJ00949 | S53: PRJ00949 | U53: PRJ00949 | W53: PRJ00949
A54: PRJ00075 | B54: ='Generate Dummy Closed WON (Reve'!O72 -> 5569607.4 | C54: =A54 -> PRJ00075 | D54: ='Generate Dummy Closed WON (Reve'!P72 -> 5569607.4 | E54: =A54 -> PRJ00075 | F54: ='Generate Dummy Closed WON (Reve'!Q72 -> 11139215 | G54: =A54 -> PRJ00075 | H54: ='Generate Dummy Closed WON (Reve'!R72 -> 9097025.5 | I54: =G54 -> PRJ00075 | J54: ='Generate Dummy Closed WON (Reve'!S72 -> 8168757.6 | K54: =I54 -> PRJ00075 | L54: ='Generate Dummy Closed WON (Reve'!T72 -> 20886028 | M54: =K54 -> PRJ00075 | N54: ='Generate Dummy Closed WON (Reve'!U72 -> 19215146 | O54: =M54 -> PRJ00075 | Q54: =O54 -> PRJ00075 | S54: =Q54 -> PRJ00075 | U54: =S54 -> PRJ00075 | W54: =U54 -> PRJ00075
A55: PRJ00105 | B55: ='Generate Dummy Closed WON (Reve'!O73 -> 3341764.5 | C55: =A55 -> PRJ00105 | D55: ='Generate Dummy Closed WON (Reve'!P73 -> 3341764.5 | E55: =A55 -> PRJ00105 | F55: ='Generate Dummy Closed WON (Reve'!Q73 -> 6683528.9 | G55: =A55 -> PRJ00105 | H55: ='Generate Dummy Closed WON (Reve'!R73 -> 5458215.3 | I55: =G55 -> PRJ00105 | J55: ='Generate Dummy Closed WON (Reve'!S73 -> 4901254.5 | K55: =I55 -> PRJ00105 | L55: ='Generate Dummy Closed WON (Reve'!T73 -> 12531617 | M55: =K55 -> PRJ00105 | N55: ='Generate Dummy Closed WON (Reve'!U73 -> 11529087 | O55: =M55 -> PRJ00105 | Q55: =O55 -> PRJ00105 | S55: =Q55 -> PRJ00105 | U55: =S55 -> PRJ00105 | W55: =U55 -> PRJ00105
A56: PRJ00125 | B56: ='Generate Dummy Closed WON (Reve'!O74 -> 6683528.9 | C56: =A56 -> PRJ00125 | D56: ='Generate Dummy Closed WON (Reve'!P74 -> 6683528.9 | E56: =A56 -> PRJ00125 | F56: ='Generate Dummy Closed WON (Reve'!Q74 -> 13367058 | G56: =A56 -> PRJ00125 | H56: ='Generate Dummy Closed WON (Reve'!R74 -> 10916431 | I56: =G56 -> PRJ00125 | J56: ='Generate Dummy Closed WON (Reve'!S74 -> 9802509.1 | K56: =I56 -> PRJ00125 | L56: ='Generate Dummy Closed WON (Reve'!T74 -> 25063233 | M56: =K56 -> PRJ00125 | N56: ='Generate Dummy Closed WON (Reve'!U74 -> 23058175 | O56: =M56 -> PRJ00125 | Q56: =O56 -> PRJ00125 | S56: =Q56 -> PRJ00125 | U56: =S56 -> PRJ00125 | W56: =U56 -> PRJ00125
A57: PRJ00145 | B57: ='Generate Dummy Closed WON (Reve'!O75 -> 1113921.5 | C57: =A57 -> PRJ00145 | D57: ='Generate Dummy Closed WON (Reve'!P75 -> 1113921.5 | E57: =A57 -> PRJ00145 | F57: ='Generate Dummy Closed WON (Reve'!Q75 -> 2227843 | G57: =A57 -> PRJ00145 | H57: ='Generate Dummy Closed WON (Reve'!R75 -> 1819405.1 | I57: =G57 -> PRJ00145 | J57: ='Generate Dummy Closed WON (Reve'!S75 -> 1633751.5 | K57: =I57 -> PRJ00145 | L57: ='Generate Dummy Closed WON (Reve'!T75 -> 4177205.6 | M57: =K57 -> PRJ00145 | N57: ='Generate Dummy Closed WON (Reve'!U75 -> 3843029.1 | O57: =M57 -> PRJ00145 | Q57: =O57 -> PRJ00145 | S57: =Q57 -> PRJ00145 | U57: =S57 -> PRJ00145 | W57: =U57 -> PRJ00145
A58: PRJ00153 | B58: ='Generate Dummy Closed WON (Reve'!O76 -> 4455685.9 | C58: =A58 -> PRJ00153 | D58: ='Generate Dummy Closed WON (Reve'!P76 -> 4455685.9 | E58: =A58 -> PRJ00153 | F58: ='Generate Dummy Closed WON (Reve'!Q76 -> 8911371.9 | G58: =A58 -> PRJ00153 | H58: ='Generate Dummy Closed WON (Reve'!R76 -> 7277620.4 | I58: =G58 -> PRJ00153 | J58: ='Generate Dummy Closed WON (Reve'!S76 -> 6535006 | K58: =I58 -> PRJ00153 | L58: ='Generate Dummy Closed WON (Reve'!T76 -> 0 | M58: =K58 -> PRJ00153 | N58: ='Generate Dummy Closed WON (Reve'!U76 -> 15372116 | O58: =M58 -> PRJ00153 | Q58: =O58 -> PRJ00153 | S58: =Q58 -> PRJ00153 | U58: =S58 -> PRJ00153 | W58: =U58 -> PRJ00153
A59: PRJ00193 | B59: ='Generate Dummy Closed WON (Reve'!O77 -> 8911371.9 | C59: =A59 -> PRJ00193 | D59: ='Generate Dummy Closed WON (Reve'!P77 -> 8911371.9 | E59: =A59 -> PRJ00193 | F59: ='Generate Dummy Closed WON (Reve'!Q77 -> 17822744 | G59: =A59 -> PRJ00193 | H59: ='Generate Dummy Closed WON (Reve'!R77 -> 14555241 | I59: =G59 -> PRJ00193 | J59: ='Generate Dummy Closed WON (Reve'!S77 -> 13070012 | K59: =I59 -> PRJ00193 | L59: ='Generate Dummy Closed WON (Reve'!T77 -> 33417645 | M59: =K59 -> PRJ00193 | N59: ='Generate Dummy Closed WON (Reve'!U77 -> 30744233 | O59: =M59 -> PRJ00193 | Q59: =O59 -> PRJ00193 | S59: =Q59 -> PRJ00193 | U59: =S59 -> PRJ00193 | W59: =U59 -> PRJ00193
A60: PRJ00253 | B60: ='Generate Dummy Closed WON (Reve'!O78 -> 11139215 | C60: =A60 -> PRJ00253 | D60: ='Generate Dummy Closed WON (Reve'!P78 -> 11139215 | E60: =A60 -> PRJ00253 | F60: ='Generate Dummy Closed WON (Reve'!Q78 -> 22278430 | G60: =A60 -> PRJ00253 | H60: ='Generate Dummy Closed WON (Reve'!R78 -> 18194051 | I60: =G60 -> PRJ00253 | J60: ='Generate Dummy Closed WON (Reve'!S78 -> 16337515 | K60: =I60 -> PRJ00253 | L60: ='Generate Dummy Closed WON (Reve'!T78 -> 41772056 | M60: =K60 -> PRJ00253 | N60: ='Generate Dummy Closed WON (Reve'!U78 -> 38430291 | O60: =M60 -> PRJ00253 | Q60: =O60 -> PRJ00253 | S60: =Q60 -> PRJ00253 | U60: =S60 -> PRJ00253 | W60: =U60 -> PRJ00253
A61: PRJ00305 | B61: ='Generate Dummy Closed WON (Reve'!O79 -> 5569607.4 | C61: =A61 -> PRJ00305 | D61: ='Generate Dummy Closed WON (Reve'!P79 -> 5569607.4 | E61: =A61 -> PRJ00305 | F61: ='Generate Dummy Closed WON (Reve'!Q79 -> 11139215 | G61: =A61 -> PRJ00305 | H61: ='Generate Dummy Closed WON (Reve'!R79 -> 9097025.5 | I61: =G61 -> PRJ00305 | J61: ='Generate Dummy Closed WON (Reve'!S79 -> 8168757.6 | K61: =I61 -> PRJ00305 | L61: ='Generate Dummy Closed WON (Reve'!T79 -> 20886028 | M61: =K61 -> PRJ00305 | N61: ='Generate Dummy Closed WON (Reve'!U79 -> 19215146 | O61: =M61 -> PRJ00305 | Q61: =O61 -> PRJ00305 | S61: =Q61 -> PRJ00305 | U61: =S61 -> PRJ00305 | W61: =U61 -> PRJ00305
A62: PRJ00445 | B62: ='Generate Dummy Closed WON (Reve'!O80 -> 2227843 | C62: =A62 -> PRJ00445 | D62: ='Generate Dummy Closed WON (Reve'!P80 -> 2227843 | E62: =A62 -> PRJ00445 | F62: ='Generate Dummy Closed WON (Reve'!Q80 -> 0 | G62: =A62 -> PRJ00445 | H62: ='Generate Dummy Closed WON (Reve'!R80 -> 3638810.2 | I62: =G62 -> PRJ00445 | J62: ='Generate Dummy Closed WON (Reve'!S80 -> 3267503 | K62: =I62 -> PRJ00445 | L62: ='Generate Dummy Closed WON (Reve'!T80 -> 8354411.1 | M62: =K62 -> PRJ00445 | N62: ='Generate Dummy Closed WON (Reve'!U80 -> 7686058.2 | O62: =M62 -> PRJ00445 | Q62: =O62 -> PRJ00445 | S62: =Q62 -> PRJ00445 | U62: =S62 -> PRJ00445 | W62: =U62 -> PRJ00445
A63: PRJ00585 | B63: ='Generate Dummy Closed WON (Reve'!O81 -> 5569607.4 | C63: =A63 -> PRJ00585 | D63: ='Generate Dummy Closed WON (Reve'!P81 -> 5569607.4 | E63: =A63 -> PRJ00585 | F63: ='Generate Dummy Closed WON (Reve'!Q81 -> 11139215 | G63: =A63 -> PRJ00585 | H63: ='Generate Dummy Closed WON (Reve'!R81 -> 9097025.5 | I63: =G63 -> PRJ00585 | J63: ='Generate Dummy Closed WON (Reve'!S81 -> 8168757.6 | K63: =I63 -> PRJ00585 | L63: ='Generate Dummy Closed WON (Reve'!T81 -> 20886028 | M63: =K63 -> PRJ00585 | N63: ='Generate Dummy Closed WON (Reve'!U81 -> 19215146 | O63: =M63 -> PRJ00585 | Q63: =O63 -> PRJ00585 | S63: =Q63 -> PRJ00585 | U63: =S63 -> PRJ00585 | W63: =U63 -> PRJ00585
A64: PRJ00605 | B64: ='Generate Dummy Closed WON (Reve'!O82 -> 0 | C64: =A64 -> PRJ00605 | D64: ='Generate Dummy Closed WON (Reve'!P82 -> 11139215 | E64: =A64 -> PRJ00605 | F64: ='Generate Dummy Closed WON (Reve'!Q82 -> 22278430 | G64: =A64 -> PRJ00605 | H64: ='Generate Dummy Closed WON (Reve'!R82 -> 18194051 | I64: =G64 -> PRJ00605 | J64: ='Generate Dummy Closed WON (Reve'!S82 -> 16337515 | K64: =I64 -> PRJ00605 | L64: ='Generate Dummy Closed WON (Reve'!T82 -> 41772056 | M64: =K64 -> PRJ00605 | N64: ='Generate Dummy Closed WON (Reve'!U82 -> 38430291 | O64: =M64 -> PRJ00605 | Q64: =O64 -> PRJ00605 | S64: =Q64 -> PRJ00605 | U64: =S64 -> PRJ00605 | W64: =U64 -> PRJ00605
A65: PRJ00673 | B65: ='Generate Dummy Closed WON (Reve'!O83 -> 11139215 | C65: =A65 -> PRJ00673 | D65: ='Generate Dummy Closed WON (Reve'!P83 -> 0 | E65: =A65 -> PRJ00673 | F65: ='Generate Dummy Closed WON (Reve'!Q83 -> 4455685.9 | G65: =A65 -> PRJ00673 | H65: ='Generate Dummy Closed WON (Reve'!R83 -> 0 | I65: =G65 -> PRJ00673 | J65: ='Generate Dummy Closed WON (Reve'!S83 -> 0 | K65: =I65 -> PRJ00673 | L65: ='Generate Dummy Closed WON (Reve'!T83 -> 16708822 | M65: =K65 -> PRJ00673 | N65: ='Generate Dummy Closed WON (Reve'!U83 -> 0 | O65: =M65 -> PRJ00673 | Q65: =O65 -> PRJ00673 | S65: =Q65 -> PRJ00673 | U65: =S65 -> PRJ00673 | W65: =U65 -> PRJ00673
... A70: PRJ01000 | B70: ='Generate Dummy Closed WON (Reve'!O88 -> 2227843 | C70: =A70 -> PRJ01000 | D70: ='Generate Dummy Closed WON (Reve'!P88 -> 2227843 | E70: =A70 -> PRJ01000 | F70: ='Generate Dummy Closed WON (Reve'!Q88 -> 4455685.9 | G70: =A70 -> PRJ01000 | H70: ='Generate Dummy Closed WON (Reve'!R88 -> 3638810.2 | I70: =G70 -> PRJ01000 | J70: ='Generate Dummy Closed WON (Reve'!S88 -> 3267503 | K70: =I70 -> PRJ01000 | L70: ='Generate Dummy Closed WON (Reve'!T88 -> 8354411.1 | M70: =K70 -> PRJ01000 | N70: ='Generate Dummy Closed WON (Reve'!U88 -> 7686058.2 | O70: =M70 -> PRJ01000 | Q70: =O70 -> PRJ01000 | S70: =Q70 -> PRJ01000 | U70: =S70 -> PRJ01000 | W70: =U70 -> PRJ01000
A71: ='Generate Dummy Closed WON (Reve'!A94 -> PRJ00023 | B71: ='Generate Dummy Closed WON (Reve'!D94 -> 1326097 | C71: =A71 -> PRJ00023 | D71: ='Generate Dummy Closed WON (Reve'!E94 -> 1326097 | E71: =A71 -> PRJ00023 | F71: ='Generate Dummy Closed WON (Reve'!F94 -> 2652194 | G71: =E71 -> PRJ00023 | H71: ='Generate Dummy Closed WON (Reve'!G94 -> 2165958.4 | I71: =G71 -> PRJ00023 | J71: ='Generate Dummy Closed WON (Reve'!H94 -> 1944942.3 | K71: =I71 -> PRJ00023 | L71: ='Generate Dummy Closed WON (Reve'!I94 -> 4972863.8 | M71: =K71 -> PRJ00023 | N71: ='Generate Dummy Closed WON (Reve'!J94 -> 4575034.7 | O71: =M71 -> PRJ00023
A72: ='Generate Dummy Closed WON (Reve'!A95 -> PRJ00106 | B72: ='Generate Dummy Closed WON (Reve'!D95 -> 13260970 | C72: =A72 -> PRJ00106 | D72: ='Generate Dummy Closed WON (Reve'!E95 -> 13260970 | E72: =A72 -> PRJ00106 | F72: ='Generate Dummy Closed WON (Reve'!F95 -> 26521940 | G72: =E72 -> PRJ00106 | H72: ='Generate Dummy Closed WON (Reve'!G95 -> 21659584 | I72: =G72 -> PRJ00106 | J72: ='Generate Dummy Closed WON (Reve'!H95 -> 19449423 | K72: =I72 -> PRJ00106 | L72: ='Generate Dummy Closed WON (Reve'!I95 -> 49728638 | M72: =K72 -> PRJ00106 | N72: ='Generate Dummy Closed WON (Reve'!J95 -> 45750347 | O72: =M72 -> PRJ00106
A73: ='Generate Dummy Closed WON (Reve'!A96 -> PRJ00186 | B73: ='Generate Dummy Closed WON (Reve'!D96 -> 2652194 | C73: =A73 -> PRJ00186 | D73: ='Generate Dummy Closed WON (Reve'!E96 -> 2652194 | E73: =A73 -> PRJ00186 | F73: ='Generate Dummy Closed WON (Reve'!F96 -> 5304388 | G73: =E73 -> PRJ00186 | H73: ='Generate Dummy Closed WON (Reve'!G96 -> 4331916.9 | I73: =G73 -> PRJ00186 | J73: ='Generate Dummy Closed WON (Reve'!H96 -> 3889884.5 | K73: =I73 -> PRJ00186 | L73: ='Generate Dummy Closed WON (Reve'!I96 -> 9945727.5 | M73: =K73 -> PRJ00186 | N73: ='Generate Dummy Closed WON (Reve'!J96 -> 9150069.3 | O73: =M73 -> PRJ00186
A74: ='Generate Dummy Closed WON (Reve'!A97 -> PRJ00266 | B74: ='Generate Dummy Closed WON (Reve'!D97 -> 5304388 | C74: =A74 -> PRJ00266 | D74: ='Generate Dummy Closed WON (Reve'!E97 -> 5304388 | E74: =A74 -> PRJ00266 | F74: ='Generate Dummy Closed WON (Reve'!F97 -> 10608776 | G74: =E74 -> PRJ00266 | H74: ='Generate Dummy Closed WON (Reve'!G97 -> 8663833.8 | I74: =G74 -> PRJ00266 | J74: ='Generate Dummy Closed WON (Reve'!H97 -> 7779769.1 | K74: =I74 -> PRJ00266 | L74: ='Generate Dummy Closed WON (Reve'!I97 -> 19891455 | M74: =K74 -> PRJ00266 | N74: ='Generate Dummy Closed WON (Reve'!J97 -> 18300139 | O74: =M74 -> PRJ00266
A75: ='Generate Dummy Closed WON (Reve'!A98 -> PRJ00316 | B75: ='Generate Dummy Closed WON (Reve'!D98 -> 5304388 | C75: =A75 -> PRJ00316 | D75: ='Generate Dummy Closed WON (Reve'!E98 -> 5304388 | E75: =A75 -> PRJ00316 | F75: ='Generate Dummy Closed WON (Reve'!F98 -> 10608776 | G75: =E75 -> PRJ00316 | H75: ='Generate Dummy Closed WON (Reve'!G98 -> 8663833.8 | I75: =G75 -> PRJ00316 | J75: ='Generate Dummy Closed WON (Reve'!H98 -> 7779769.1 | K75: =I75 -> PRJ00316 | L75: ='Generate Dummy Closed WON (Reve'!I98 -> 19891455 | M75: =K75 -> PRJ00316 | N75: ='Generate Dummy Closed WON (Reve'!J98 -> 18300139 | O75: =M75 -> PRJ00316
A76: ='Generate Dummy Closed WON (Reve'!A99 -> PRJ00376 | B76: ='Generate Dummy Closed WON (Reve'!D99 -> 3978291 | C76: =A76 -> PRJ00376 | D76: ='Generate Dummy Closed WON (Reve'!E99 -> 3978291 | E76: =A76 -> PRJ00376 | F76: ='Generate Dummy Closed WON (Reve'!F99 -> 7956582 | G76: =E76 -> PRJ00376 | H76: ='Generate Dummy Closed WON (Reve'!G99 -> 6497875.3 | I76: =G76 -> PRJ00376 | J76: ='Generate Dummy Closed WON (Reve'!H99 -> 5834826.8 | K76: =I76 -> PRJ00376 | L76: ='Generate Dummy Closed WON (Reve'!I99 -> 14918591 | M76: =K76 -> PRJ00376 | N76: ='Generate Dummy Closed WON (Reve'!J99 -> 13725104 | O76: =M76 -> PRJ00376
A77: ='Generate Dummy Closed WON (Reve'!A100 -> PRJ00646 | B77: ='Generate Dummy Closed WON (Reve'!D100 -> 9282679 | C77: =A77 -> PRJ00646 | D77: ='Generate Dummy Closed WON (Reve'!E100 -> 9282679 | E77: =A77 -> PRJ00646 | F77: ='Generate Dummy Closed WON (Reve'!F100 -> 18565358 | G77: =E77 -> PRJ00646 | H77: ='Generate Dummy Closed WON (Reve'!G100 -> 15161709 | I77: =G77 -> PRJ00646 | J77: ='Generate Dummy Closed WON (Reve'!H100 -> 13614596 | K77: =I77 -> PRJ00646 | L77: ='Generate Dummy Closed WON (Reve'!I100 -> 34810046 | M77: =K77 -> PRJ00646 | N77: ='Generate Dummy Closed WON (Reve'!J100 -> 32025243 | O77: =M77 -> PRJ00646
A78: ='Generate Dummy Closed WON (Reve'!A101 -> PRJ00726 | B78: ='Generate Dummy Closed WON (Reve'!D101 -> 9282679 | C78: =A78 -> PRJ00726 | D78: ='Generate Dummy Closed WON (Reve'!E101 -> 9282679 | E78: =A78 -> PRJ00726 | F78: ='Generate Dummy Closed WON (Reve'!F101 -> 18565358 | G78: =E78 -> PRJ00726 | H78: ='Generate Dummy Closed WON (Reve'!G101 -> 15161709 | I78: =G78 -> PRJ00726 | J78: ='Generate Dummy Closed WON (Reve'!H101 -> 13614596 | K78: =I78 -> PRJ00726 | L78: ='Generate Dummy Closed WON (Reve'!I101 -> 34810046 | M78: =K78 -> PRJ00726 | N78: ='Generate Dummy Closed WON (Reve'!J101 -> 32025243 | O78: =M78 -> PRJ00726
A79: ='Generate Dummy Closed WON (Reve'!A102 -> PRJ00766 | B79: ='Generate Dummy Closed WON (Reve'!D102 -> 1326097 | C79: =A79 -> PRJ00766 | D79: ='Generate Dummy Closed WON (Reve'!E102 -> 1326097 | E79: =A79 -> PRJ00766 | F79: ='Generate Dummy Closed WON (Reve'!F102 -> 2652194 | G79: =E79 -> PRJ00766 | H79: ='Generate Dummy Closed WON (Reve'!G102 -> 2165958.4 | I79: =G79 -> PRJ00766 | J79: ='Generate Dummy Closed WON (Reve'!H102 -> 1944942.3 | K79: =I79 -> PRJ00766 | L79: ='Generate Dummy Closed WON (Reve'!I102 -> 4972863.8 | M79: =K79 -> PRJ00766 | N79: ='Generate Dummy Closed WON (Reve'!J102 -> 4575034.7 | O79: =M79 -> PRJ00766
A80: ='Generate Dummy Closed WON (Reve'!A103 -> PRJ00816 | B80: ='Generate Dummy Closed WON (Reve'!D103 -> 9282679 | C80: =A80 -> PRJ00816 | D80: ='Generate Dummy Closed WON (Reve'!E103 -> 9282679 | E80: =A80 -> PRJ00816 | F80: ='Generate Dummy Closed WON (Reve'!F103 -> 18565358 | G80: =E80 -> PRJ00816 | H80: ='Generate Dummy Closed WON (Reve'!G103 -> 15161709 | I80: =G80 -> PRJ00816 | J80: ='Generate Dummy Closed WON (Reve'!H103 -> 13614596 | K80: =I80 -> PRJ00816 | L80: ='Generate Dummy Closed WON (Reve'!I103 -> 34810046 | M80: =K80 -> PRJ00816 | N80: ='Generate Dummy Closed WON (Reve'!J103 -> 32025243 | O80: =M80 -> PRJ00816
A81: ='Generate Dummy Closed WON (Reve'!A104 -> PRJ00846 | B81: ='Generate Dummy Closed WON (Reve'!D104 -> 2652194 | C81: =A81 -> PRJ00846 | D81: ='Generate Dummy Closed WON (Reve'!E104 -> 2652194 | E81: =A81 -> PRJ00846 | F81: ='Generate Dummy Closed WON (Reve'!F104 -> 5304388 | G81: =E81 -> PRJ00846 | H81: ='Generate Dummy Closed WON (Reve'!G104 -> 4331916.9 | I81: =G81 -> PRJ00846 | J81: ='Generate Dummy Closed WON (Reve'!H104 -> 3889884.5 | K81: =I81 -> PRJ00846 | L81: ='Generate Dummy Closed WON (Reve'!I104 -> 9945727.5 | M81: =K81 -> PRJ00846 | N81: ='Generate Dummy Closed WON (Reve'!J104 -> 9150069.3 | O81: =M81 -> PRJ00846
A82: ='Generate Dummy Closed WON (Reve'!A105 -> PRJ00886 | B82: ='Generate Dummy Closed WON (Reve'!D105 -> 9282679 | C82: =A82 -> PRJ00886 | D82: ='Generate Dummy Closed WON (Reve'!E105 -> 9282679 | E82: =A82 -> PRJ00886 | F82: ='Generate Dummy Closed WON (Reve'!F105 -> 18565358 | G82: =E82 -> PRJ00886 | H82: ='Generate Dummy Closed WON (Reve'!G105 -> 15161709 | I82: =G82 -> PRJ00886 | J82: ='Generate Dummy Closed WON (Reve'!H105 -> 13614596 | K82: =I82 -> PRJ00886 | L82: ='Generate Dummy Closed WON (Reve'!I105 -> 34810046 | M82: =K82 -> PRJ00886 | N82: ='Generate Dummy Closed WON (Reve'!J105 -> 32025243 | O82: =M82 -> PRJ00886
A83: ='Generate Dummy Closed WON (Reve'!A106 -> PRJ00968 | B83: ='Generate Dummy Closed WON (Reve'!D106 -> 10608776 | C83: =A83 -> PRJ00968 | D83: ='Generate Dummy Closed WON (Reve'!E106 -> 10608776 | E83: =A83 -> PRJ00968 | F83: ='Generate Dummy Closed WON (Reve'!F106 -> 21217552 | G83: =E83 -> PRJ00968 | H83: ='Generate Dummy Closed WON (Reve'!G106 -> 17327668 | I83: =G83 -> PRJ00968 | J83: ='Generate Dummy Closed WON (Reve'!H106 -> 15559538 | K83: =I83 -> PRJ00968 | L83: ='Generate Dummy Closed WON (Reve'!I106 -> 39782910 | M83: =K83 -> PRJ00968 | N83: ='Generate Dummy Closed WON (Reve'!J106 -> 36600277 | O83: =M83 -> PRJ00968
A84: ='Generate Dummy Closed WON (Reve'!L94 -> PRJ00041 | B84: ='Generate Dummy Closed WON (Reve'!O94 -> 580167.44 | C84: =A84 -> PRJ00041 | D84: ='Generate Dummy Closed WON (Reve'!P94 -> 290083.72 | E84: =C84 -> PRJ00041 | F84: ='Generate Dummy Closed WON (Reve'!Q94 -> 174050.23 | G84: =E84 -> PRJ00041 | H84: ='Generate Dummy Closed WON (Reve'!R94 -> 2030586 | I84: =G84 -> PRJ00041 | J84: ='Generate Dummy Closed WON (Reve'!S94 -> 464133.95 | K84: =I84 -> PRJ00041 | L84: ='Generate Dummy Closed WON (Reve'!T94 -> 13053.767 | M84: =K84 -> PRJ00041 | N84: ='Generate Dummy Closed WON (Reve'!U94 -> 1749204.8 | O84: =M84 -> PRJ00041
A85: ='Generate Dummy Closed WON (Reve'!L95 -> PRJ00071 | B85: ='Generate Dummy Closed WON (Reve'!O95 -> 193389.15 | C85: =A85 -> PRJ00071 | D85: ='Generate Dummy Closed WON (Reve'!P95 -> 96694.573 | E85: =C85 -> PRJ00071 | F85: ='Generate Dummy Closed WON (Reve'!Q95 -> 58016.744 | G85: =E85 -> PRJ00071 | H85: ='Generate Dummy Closed WON (Reve'!R95 -> 676862.01 | I85: =G85 -> PRJ00071 | J85: ='Generate Dummy Closed WON (Reve'!S95 -> 154711.32 | K85: =I85 -> PRJ00071 | L85: ='Generate Dummy Closed WON (Reve'!T95 -> 4351.2558 | M85: =K85 -> PRJ00071 | N85: ='Generate Dummy Closed WON (Reve'!U95 -> 583068.28 | O85: =M85 -> PRJ00071
A86: ='Generate Dummy Closed WON (Reve'!L96 -> PRJ00091 | B86: ='Generate Dummy Closed WON (Reve'!O96 -> 1740502.3 | C86: =A86 -> PRJ00091 | D86: ='Generate Dummy Closed WON (Reve'!P96 -> 870251.16 | E86: =C86 -> PRJ00091 | F86: ='Generate Dummy Closed WON (Reve'!Q96 -> 522150.7 | G86: =E86 -> PRJ00091 | H86: ='Generate Dummy Closed WON (Reve'!R96 -> 6091758.1 | I86: =G86 -> PRJ00091 | J86: ='Generate Dummy Closed WON (Reve'!S96 -> 1392401.9 | K86: =I86 -> PRJ00091 | L86: ='Generate Dummy Closed WON (Reve'!T96 -> 39161.302 | M86: =K86 -> PRJ00091 | N86: ='Generate Dummy Closed WON (Reve'!U96 -> 5247614.5 | O86: =M86 -> PRJ00091
A87: ='Generate Dummy Closed WON (Reve'!L97 -> PRJ00151 | B87: ='Generate Dummy Closed WON (Reve'!O97 -> 1740502.3 | C87: =A87 -> PRJ00151 | D87: ='Generate Dummy Closed WON (Reve'!P97 -> 870251.16 | E87: =C87 -> PRJ00151 | F87: ='Generate Dummy Closed WON (Reve'!Q97 -> 522150.7 | G87: =E87 -> PRJ00151 | H87: ='Generate Dummy Closed WON (Reve'!R97 -> 6091758.1 | I87: =G87 -> PRJ00151 | J87: ='Generate Dummy Closed WON (Reve'!S97 -> 1392401.9 | K87: =I87 -> PRJ00151 | L87: ='Generate Dummy Closed WON (Reve'!T97 -> 39161.302 | M87: =K87 -> PRJ00151 | N87: ='Generate Dummy Closed WON (Reve'!U97 -> 5247614.5 | O87: =M87 -> PRJ00151
A88: ='Generate Dummy Closed WON (Reve'!L98 -> PRJ00191 | B88: ='Generate Dummy Closed WON (Reve'!O98 -> 1547113.2 | C88: =A88 -> PRJ00191 | D88: ='Generate Dummy Closed WON (Reve'!P98 -> 773556.59 | E88: =C88 -> PRJ00191 | F88: ='Generate Dummy Closed WON (Reve'!Q98 -> 464133.95 | G88: =E88 -> PRJ00191 | H88: ='Generate Dummy Closed WON (Reve'!R98 -> 5414896.1 | I88: =G88 -> PRJ00191 | J88: ='Generate Dummy Closed WON (Reve'!S98 -> 1237690.5 | K88: =I88 -> PRJ00191 | L88: ='Generate Dummy Closed WON (Reve'!T98 -> 34810.046 | M88: =K88 -> PRJ00191 | N88: ='Generate Dummy Closed WON (Reve'!U98 -> 4664546.2 | O88: =M88 -> PRJ00191
A89: ='Generate Dummy Closed WON (Reve'!L99 -> PRJ00221 | B89: ='Generate Dummy Closed WON (Reve'!O99 -> 1933891.5 | C89: =A89 -> PRJ00221 | D89: ='Generate Dummy Closed WON (Reve'!P99 -> 966945.73 | E89: =C89 -> PRJ00221 | F89: ='Generate Dummy Closed WON (Reve'!Q99 -> 580167.44 | G89: =E89 -> PRJ00221 | H89: ='Generate Dummy Closed WON (Reve'!R99 -> 6768620.1 | I89: =G89 -> PRJ00221 | J89: ='Generate Dummy Closed WON (Reve'!S99 -> 1547113.2 | K89: =I89 -> PRJ00221 | L89: ='Generate Dummy Closed WON (Reve'!T99 -> 43512.558 | M89: =K89 -> PRJ00221 | N89: ='Generate Dummy Closed WON (Reve'!U99 -> 5830682.8 | O89: =M89 -> PRJ00221
A90: ='Generate Dummy Closed WON (Reve'!L100 -> PRJ00291 | B90: ='Generate Dummy Closed WON (Reve'!O100 -> 1547113.2 | C90: =A90 -> PRJ00291 | D90: ='Generate Dummy Closed WON (Reve'!P100 -> 773556.59 | E90: =C90 -> PRJ00291 | F90: ='Generate Dummy Closed WON (Reve'!Q100 -> 464133.95 | G90: =E90 -> PRJ00291 | H90: ='Generate Dummy Closed WON (Reve'!R100 -> 5414896.1 | I90: =G90 -> PRJ00291 | J90: ='Generate Dummy Closed WON (Reve'!S100 -> 1237690.5 | K90: =I90 -> PRJ00291 | L90: ='Generate Dummy Closed WON (Reve'!T100 -> 34810.046 | M90: =K90 -> PRJ00291 | N90: ='Generate Dummy Closed WON (Reve'!U100 -> 4664546.2 | O90: =M90 -> PRJ00291
A91: ='Generate Dummy Closed WON (Reve'!L101 -> PRJ00361 | B91: ='Generate Dummy Closed WON (Reve'!O101 -> 580167.44 | C91: =A91 -> PRJ00361 | D91: ='Generate Dummy Closed WON (Reve'!P101 -> 290083.72 | E91: =C91 -> PRJ00361 | F91: ='Generate Dummy Closed WON (Reve'!Q101 -> 174050.23 | G91: =E91 -> PRJ00361 | H91: ='Generate Dummy Closed WON (Reve'!R101 -> 2030586 | I91: =G91 -> PRJ00361 | J91: ='Generate Dummy Closed WON (Reve'!S101 -> 464133.95 | K91: =I91 -> PRJ00361 | L91: ='Generate Dummy Closed WON (Reve'!T101 -> 13053.767 | M91: =K91 -> PRJ00361 | N91: ='Generate Dummy Closed WON (Reve'!U101 -> 1749204.8 | O91: =M91 -> PRJ00361
A92: ='Generate Dummy Closed WON (Reve'!L102 -> PRJ00481 | B92: ='Generate Dummy Closed WON (Reve'!O102 -> 386778.29 | C92: =A92 -> PRJ00481 | D92: ='Generate Dummy Closed WON (Reve'!P102 -> 193389.15 | E92: =C92 -> PRJ00481 | F92: ='Generate Dummy Closed WON (Reve'!Q102 -> 116033.49 | G92: =E92 -> PRJ00481 | H92: ='Generate Dummy Closed WON (Reve'!R102 -> 1353724 | I92: =G92 -> PRJ00481 | J92: ='Generate Dummy Closed WON (Reve'!S102 -> 309422.63 | K92: =I92 -> PRJ00481 | L92: ='Generate Dummy Closed WON (Reve'!T102 -> 8702.5116 | M92: =K92 -> PRJ00481 | N92: ='Generate Dummy Closed WON (Reve'!U102 -> 1166136.6 | O92: =M92 -> PRJ00481
A93: ='Generate Dummy Closed WON (Reve'!L103 -> PRJ00521 | B93: ='Generate Dummy Closed WON (Reve'!O103 -> 1353724 | C93: =A93 -> PRJ00521 | D93: ='Generate Dummy Closed WON (Reve'!P103 -> 676862.01 | E93: =C93 -> PRJ00521 | F93: ='Generate Dummy Closed WON (Reve'!Q103 -> 406117.21 | G93: =E93 -> PRJ00521 | H93: ='Generate Dummy Closed WON (Reve'!R103 -> 4738034.1 | I93: =G93 -> PRJ00521 | J93: ='Generate Dummy Closed WON (Reve'!S103 -> 1082979.2 | K93: =I93 -> PRJ00521 | L93: ='Generate Dummy Closed WON (Reve'!T103 -> 30458.791 | M93: =K93 -> PRJ00521 | N93: ='Generate Dummy Closed WON (Reve'!U103 -> 4081477.9 | O93: =M93 -> PRJ00521
A94: ='Generate Dummy Closed WON (Reve'!L104 -> PRJ00591 | B94: ='Generate Dummy Closed WON (Reve'!O104 -> 966945.73 | C94: =A94 -> PRJ00591 | D94: ='Generate Dummy Closed WON (Reve'!P104 -> 483472.87 | E94: =C94 -> PRJ00591 | F94: ='Generate Dummy Closed WON (Reve'!Q104 -> 290083.72 | G94: =E94 -> PRJ00591 | H94: ='Generate Dummy Closed WON (Reve'!R104 -> 3384310.1 | I94: =G94 -> PRJ00591 | J94: ='Generate Dummy Closed WON (Reve'!S104 -> 773556.59 | K94: =I94 -> PRJ00591 | L94: ='Generate Dummy Closed WON (Reve'!T104 -> 21756.279 | M94: =K94 -> PRJ00591 | N94: ='Generate Dummy Closed WON (Reve'!U104 -> 2915341.4 | O94: =M94 -> PRJ00591
A95: ='Generate Dummy Closed WON (Reve'!L105 -> PRJ00691 | B95: ='Generate Dummy Closed WON (Reve'!O105 -> 193389.15 | C95: =A95 -> PRJ00691 | D95: ='Generate Dummy Closed WON (Reve'!P105 -> 96694.573 | E95: =C95 -> PRJ00691 | F95: ='Generate Dummy Closed WON (Reve'!Q105 -> 58016.744 | G95: =E95 -> PRJ00691 | H95: ='Generate Dummy Closed WON (Reve'!R105 -> 676862.01 | I95: =G95 -> PRJ00691 | J95: ='Generate Dummy Closed WON (Reve'!S105 -> 154711.32 | K95: =I95 -> PRJ00691 | L95: ='Generate Dummy Closed WON (Reve'!T105 -> 4351.2558 | M95: =K95 -> PRJ00691 | N95: ='Generate Dummy Closed WON (Reve'!U105 -> 583068.28 | O95: =M95 -> PRJ00691
A96: ='Generate Dummy Closed WON (Reve'!L106 -> PRJ00871 | B96: ='Generate Dummy Closed WON (Reve'!O106 -> 1160334.9 | C96: =A96 -> PRJ00871 | D96: ='Generate Dummy Closed WON (Reve'!P106 -> 580167.44 | E96: =C96 -> PRJ00871 | F96: ='Generate Dummy Closed WON (Reve'!Q106 -> 348100.46 | G96: =E96 -> PRJ00871 | H96: ='Generate Dummy Closed WON (Reve'!R106 -> 4061172.1 | I96: =G96 -> PRJ00871 | J96: ='Generate Dummy Closed WON (Reve'!S106 -> 928267.9 | K96: =I96 -> PRJ00871 | L96: ='Generate Dummy Closed WON (Reve'!T106 -> 26107.535 | M96: =K96 -> PRJ00871 | N96: ='Generate Dummy Closed WON (Reve'!U106 -> 3498409.7 | O96: =M96 -> PRJ00871
A97: ='Generate Dummy Closed WON (Reve'!L94 -> PRJ00041 | B97: ='Generate Dummy Closed WON (Reve'!O94 -> 580167.44 | C97: =A97 -> PRJ00041 | D97: ='Generate Dummy Closed WON (Reve'!P94 -> 290083.72 | E97: =C97 -> PRJ00041 | F97: ='Generate Dummy Closed WON (Reve'!Q94 -> 174050.23 | G97: =E97 -> PRJ00041 | H97: ='Generate Dummy Closed WON (Reve'!R94 -> 2030586 | I97: =G97 -> PRJ00041 | J97: ='Generate Dummy Closed WON (Reve'!S94 -> 464133.95 | K97: =I97 -> PRJ00041 | L97: ='Generate Dummy Closed WON (Reve'!T94 -> 13053.767 | M97: =K97 -> PRJ00041 | N97: ='Generate Dummy Closed WON (Reve'!U94 -> 1749204.8 | O97: =M97 -> PRJ00041
A98: ='Generate Dummy Closed WON (Reve'!L95 -> PRJ00071 | B98: ='Generate Dummy Closed WON (Reve'!O95 -> 193389.15 | C98: =A98 -> PRJ00071 | D98: ='Generate Dummy Closed WON (Reve'!P95 -> 96694.573 | E98: =C98 -> PRJ00071 | F98: ='Generate Dummy Closed WON (Reve'!Q95 -> 58016.744 | G98: =E98 -> PRJ00071 | H98: ='Generate Dummy Closed WON (Reve'!R95 -> 676862.01 | I98: =G98 -> PRJ00071 | J98: ='Generate Dummy Closed WON (Reve'!S95 -> 154711.32 | K98: =I98 -> PRJ00071 | L98: ='Generate Dummy Closed WON (Reve'!T95 -> 4351.2558 | M98: =K98 -> PRJ00071 | N98: ='Generate Dummy Closed WON (Reve'!U95 -> 583068.28 | O98: =M98 -> PRJ00071
A99: ='Generate Dummy Closed WON (Reve'!L96 -> PRJ00091 | B99: ='Generate Dummy Closed WON (Reve'!O96 -> 1740502.3 | C99: =A99 -> PRJ00091 | D99: ='Generate Dummy Closed WON (Reve'!P96 -> 870251.16 | E99: =C99 -> PRJ00091 | F99: ='Generate Dummy Closed WON (Reve'!Q96 -> 522150.7 | G99: =E99 -> PRJ00091 | H99: ='Generate Dummy Closed WON (Reve'!R96 -> 6091758.1 | I99: =G99 -> PRJ00091 | J99: ='Generate Dummy Closed WON (Reve'!S96 -> 1392401.9 | K99: =I99 -> PRJ00091 | L99: ='Generate Dummy Closed WON (Reve'!T96 -> 39161.302 | M99: =K99 -> PRJ00091 | N99: ='Generate Dummy Closed WON (Reve'!U96 -> 5247614.5 | O99: =M99 -> PRJ00091
A100: ='Generate Dummy Closed WON (Reve'!L97 -> PRJ00151 | B100: ='Generate Dummy Closed WON (Reve'!O97 -> 1740502.3 | C100: =A100 -> PRJ00151 | D100: ='Generate Dummy Closed WON (Reve'!P97 -> 870251.16 | E100: =C100 -> PRJ00151 | F100: ='Generate Dummy Closed WON (Reve'!Q97 -> 522150.7 | G100: =E100 -> PRJ00151 | H100: ='Generate Dummy Closed WON (Reve'!R97 -> 6091758.1 | I100: =G100 -> PRJ00151 | J100: ='Generate Dummy Closed WON (Reve'!S97 -> 1392401.9 | K100: =I100 -> PRJ00151 | L100: ='Generate Dummy Closed WON (Reve'!T97 -> 39161.302 | M100: =K100 -> PRJ00151 | N100: ='Generate Dummy Closed WON (Reve'!U97 -> 5247614.5 | O100: =M100 -> PRJ00151
A101: ='Generate Dummy Closed WON (Reve'!L98 -> PRJ00191 | B101: ='Generate Dummy Closed WON (Reve'!O98 -> 1547113.2 | C101: =A101 -> PRJ00191 | D101: ='Generate Dummy Closed WON (Reve'!P98 -> 773556.59 | E101: =C101 -> PRJ00191 | F101: ='Generate Dummy Closed WON (Reve'!Q98 -> 464133.95 | G101: =E101 -> PRJ00191 | H101: ='Generate Dummy Closed WON (Reve'!R98 -> 5414896.1 | I101: =G101 -> PRJ00191 | J101: ='Generate Dummy Closed WON (Reve'!S98 -> 1237690.5 | K101: =I101 -> PRJ00191 | L101: ='Generate Dummy Closed WON (Reve'!T98 -> 34810.046 | M101: =K101 -> PRJ00191 | N101: ='Generate Dummy Closed WON (Reve'!U98 -> 4664546.2 | O101: =M101 -> PRJ00191
A102: ='Generate Dummy Closed WON (Reve'!L99 -> PRJ00221 | B102: ='Generate Dummy Closed WON (Reve'!O99 -> 1933891.5 | C102: =A102 -> PRJ00221 | D102: ='Generate Dummy Closed WON (Reve'!P99 -> 966945.73 | E102: =C102 -> PRJ00221 | F102: ='Generate Dummy Closed WON (Reve'!Q99 -> 580167.44 | G102: =E102 -> PRJ00221 | H102: ='Generate Dummy Closed WON (Reve'!R99 -> 6768620.1 | I102: =G102 -> PRJ00221 | J102: ='Generate Dummy Closed WON (Reve'!S99 -> 1547113.2 | K102: =I102 -> PRJ00221 | L102: ='Generate Dummy Closed WON (Reve'!T99 -> 43512.558 | M102: =K102 -> PRJ00221 | N102: ='Generate Dummy Closed WON (Reve'!U99 -> 5830682.8 | O102: =M102 -> PRJ00221
A103: ='Generate Dummy Closed WON (Reve'!L100 -> PRJ00291 | B103: ='Generate Dummy Closed WON (Reve'!O100 -> 1547113.2 | C103: =A103 -> PRJ00291 | D103: ='Generate Dummy Closed WON (Reve'!P100 -> 773556.59 | E103: =C103 -> PRJ00291 | F103: ='Generate Dummy Closed WON (Reve'!Q100 -> 464133.95 | G103: =E103 -> PRJ00291 | H103: ='Generate Dummy Closed WON (Reve'!R100 -> 5414896.1 | I103: =G103 -> PRJ00291 | J103: ='Generate Dummy Closed WON (Reve'!S100 -> 1237690.5 | K103: =I103 -> PRJ00291 | L103: ='Generate Dummy Closed WON (Reve'!T100 -> 34810.046 | M103: =K103 -> PRJ00291 | N103: ='Generate Dummy Closed WON (Reve'!U100 -> 4664546.2 | O103: =M103 -> PRJ00291
A104: ='Generate Dummy Closed WON (Reve'!L101 -> PRJ00361 | B104: ='Generate Dummy Closed WON (Reve'!O101 -> 580167.44 | C104: =A104 -> PRJ00361 | D104: ='Generate Dummy Closed WON (Reve'!P101 -> 290083.72 | E104: =C104 -> PRJ00361 | F104: ='Generate Dummy Closed WON (Reve'!Q101 -> 174050.23 | G104: =E104 -> PRJ00361 | H104: ='Generate Dummy Closed WON (Reve'!R101 -> 2030586 | I104: =G104 -> PRJ00361 | J104: ='Generate Dummy Closed WON (Reve'!S101 -> 464133.95 | K104: =I104 -> PRJ00361 | L104: ='Generate Dummy Closed WON (Reve'!T101 -> 13053.767 | M104: =K104 -> PRJ00361 | N104: ='Generate Dummy Closed WON (Reve'!U101 -> 1749204.8 | O104: =M104 -> PRJ00361
A105: ='Generate Dummy Closed WON (Reve'!L102 -> PRJ00481 | B105: ='Generate Dummy Closed WON (Reve'!O102 -> 386778.29 | C105: =A105 -> PRJ00481 | D105: ='Generate Dummy Closed WON (Reve'!P102 -> 193389.15 | E105: =C105 -> PRJ00481 | F105: ='Generate Dummy Closed WON (Reve'!Q102 -> 116033.49 | G105: =E105 -> PRJ00481 | H105: ='Generate Dummy Closed WON (Reve'!R102 -> 1353724 | I105: =G105 -> PRJ00481 | J105: ='Generate Dummy Closed WON (Reve'!S102 -> 309422.63 | K105: =I105 -> PRJ00481 | L105: ='Generate Dummy Closed WON (Reve'!T102 -> 8702.5116 | M105: =K105 -> PRJ00481 | N105: ='Generate Dummy Closed WON (Reve'!U102 -> 1166136.6 | O105: =M105 -> PRJ00481
A106: ='Generate Dummy Closed WON (Reve'!L103 -> PRJ00521 | B106: ='Generate Dummy Closed WON (Reve'!O103 -> 1353724 | C106: =A106 -> PRJ00521 | D106: ='Generate Dummy Closed WON (Reve'!P103 -> 676862.01 | E106: =C106 -> PRJ00521 | F106: ='Generate Dummy Closed WON (Reve'!Q103 -> 406117.21 | G106: =E106 -> PRJ00521 | H106: ='Generate Dummy Closed WON (Reve'!R103 -> 4738034.1 | I106: =G106 -> PRJ00521 | J106: ='Generate Dummy Closed WON (Reve'!S103 -> 1082979.2 | K106: =I106 -> PRJ00521 | L106: ='Generate Dummy Closed WON (Reve'!T103 -> 30458.791 | M106: =K106 -> PRJ00521 | N106: ='Generate Dummy Closed WON (Reve'!U103 -> 4081477.9 | O106: =M106 -> PRJ00521
A107: ='Generate Dummy Closed WON (Reve'!L104 -> PRJ00591 | B107: ='Generate Dummy Closed WON (Reve'!O104 -> 966945.73 | C107: =A107 -> PRJ00591 | D107: ='Generate Dummy Closed WON (Reve'!P104 -> 483472.87 | E107: =C107 -> PRJ00591 | F107: ='Generate Dummy Closed WON (Reve'!Q104 -> 290083.72 | G107: =E107 -> PRJ00591 | H107: ='Generate Dummy Closed WON (Reve'!R104 -> 3384310.1 | I107: =G107 -> PRJ00591 | J107: ='Generate Dummy Closed WON (Reve'!S104 -> 773556.59 | K107: =I107 -> PRJ00591 | L107: ='Generate Dummy Closed WON (Reve'!T104 -> 21756.279 | M107: =K107 -> PRJ00591 | N107: ='Generate Dummy Closed WON (Reve'!U104 -> 2915341.4 | O107: =M107 -> PRJ00591
A108: ='Generate Dummy Closed WON (Reve'!L105 -> PRJ00691 | B108: ='Generate Dummy Closed WON (Reve'!O105 -> 193389.15 | C108: =A108 -> PRJ00691 | D108: ='Generate Dummy Closed WON (Reve'!P105 -> 96694.573 | E108: =C108 -> PRJ00691 | F108: ='Generate Dummy Closed WON (Reve'!Q105 -> 58016.744 | G108: =E108 -> PRJ00691 | H108: ='Generate Dummy Closed WON (Reve'!R105 -> 676862.01 | I108: =G108 -> PRJ00691 | J108: ='Generate Dummy Closed WON (Reve'!S105 -> 154711.32 | K108: =I108 -> PRJ00691 | L108: ='Generate Dummy Closed WON (Reve'!T105 -> 4351.2558 | M108: =K108 -> PRJ00691 | N108: ='Generate Dummy Closed WON (Reve'!U105 -> 583068.28 | O108: =M108 -> PRJ00691
A109: ='Generate Dummy Closed WON (Reve'!L106 -> PRJ00871 | B109: ='Generate Dummy Closed WON (Reve'!O106 -> 1160334.9 | C109: =A109 -> PRJ00871 | D109: ='Generate Dummy Closed WON (Reve'!P106 -> 580167.44 | E109: =C109 -> PRJ00871 | F109: ='Generate Dummy Closed WON (Reve'!Q106 -> 348100.46 | G109: =E109 -> PRJ00871 | H109: ='Generate Dummy Closed WON (Reve'!R106 -> 4061172.1 | I109: =G109 -> PRJ00871 | J109: ='Generate Dummy Closed WON (Reve'!S106 -> 928267.9 | K109: =I109 -> PRJ00871 | L109: ='Generate Dummy Closed WON (Reve'!T106 -> 26107.535 | M109: =K109 -> PRJ00871 | N109: ='Generate Dummy Closed WON (Reve'!U106 -> 3498409.7 | O109: =M109 -> PRJ00871
A110: ='Generate Dummy Closed WON (Reve'!A112 -> PRJ00007 | B110: ='Generate Dummy Closed WON (Reve'!D112 -> 1319117.5 | C110: PRJ00007 | D110: ='Generate Dummy Closed WON (Reve'!E112 -> 659558.77 | E110: PRJ00007 | F110: ='Generate Dummy Closed WON (Reve'!F112 -> 395735.26 | G110: PRJ00007 | H110: ='Generate Dummy Closed WON (Reve'!G112 -> 4616911.4 | I110: PRJ00007 | J110: ='Generate Dummy Closed WON (Reve'!H112 -> 1055294 | K110: PRJ00007 | L110: ='Generate Dummy Closed WON (Reve'!I112 -> 29680.145 | M110: PRJ00007 | N110: ='Generate Dummy Closed WON (Reve'!J112 -> 3977139.4 | O110: PRJ00007
A111: ='Generate Dummy Closed WON (Reve'!A113 -> PRJ00040 | B111: ='Generate Dummy Closed WON (Reve'!D113 -> 1319117.5 | C111: PRJ00040 | D111: ='Generate Dummy Closed WON (Reve'!E113 -> 659558.77 | E111: PRJ00040 | F111: ='Generate Dummy Closed WON (Reve'!F113 -> 395735.26 | G111: PRJ00040 | H111: ='Generate Dummy Closed WON (Reve'!G113 -> 4616911.4 | I111: PRJ00040 | J111: ='Generate Dummy Closed WON (Reve'!H113 -> 1055294 | K111: PRJ00040 | L111: ='Generate Dummy Closed WON (Reve'!I113 -> 29680.145 | M111: PRJ00040 | N111: ='Generate Dummy Closed WON (Reve'!J113 -> 3977139.4 | O111: PRJ00040
A112: ='Generate Dummy Closed WON (Reve'!A114 -> PRJ00079 | B112: ='Generate Dummy Closed WON (Reve'!D114 -> 1172548.9 | C112: PRJ00079 | D112: ='Generate Dummy Closed WON (Reve'!E114 -> 586274.47 | E112: PRJ00079 | F112: ='Generate Dummy Closed WON (Reve'!F114 -> 351764.68 | G112: PRJ00079 | H112: ='Generate Dummy Closed WON (Reve'!G114 -> 4103921.3 | I112: PRJ00079 | J112: ='Generate Dummy Closed WON (Reve'!H114 -> 938039.15 | K112: PRJ00079 | L112: ='Generate Dummy Closed WON (Reve'!I114 -> 26382.351 | M112: PRJ00079 | N112: ='Generate Dummy Closed WON (Reve'!J114 -> 3535235 | O112: PRJ00079
A113: ='Generate Dummy Closed WON (Reve'!A115 -> PRJ00088 | B113: ='Generate Dummy Closed WON (Reve'!D115 -> 439705.85 | C113: PRJ00088 | D113: ='Generate Dummy Closed WON (Reve'!E115 -> 219852.92 | E113: PRJ00088 | F113: ='Generate Dummy Closed WON (Reve'!F115 -> 131911.75 | G113: PRJ00088 | H113: ='Generate Dummy Closed WON (Reve'!G115 -> 1538970.5 | I113: PRJ00088 | J113: ='Generate Dummy Closed WON (Reve'!H115 -> 351764.68 | K113: PRJ00088 | L113: ='Generate Dummy Closed WON (Reve'!I115 -> 9893.3816 | M113: PRJ00088 | N113: ='Generate Dummy Closed WON (Reve'!J115 -> 1325713.1 | O113: PRJ00088
A114: ='Generate Dummy Closed WON (Reve'!A116 -> PRJ00108 | B114: ='Generate Dummy Closed WON (Reve'!D116 -> 146568.62 | C114: PRJ00108 | D114: ='Generate Dummy Closed WON (Reve'!E116 -> 73284.308 | E114: PRJ00108 | F114: ='Generate Dummy Closed WON (Reve'!F116 -> 43970.585 | G114: PRJ00108 | H114: ='Generate Dummy Closed WON (Reve'!G116 -> 512990.16 | I114: PRJ00108 | J114: ='Generate Dummy Closed WON (Reve'!H116 -> 117254.89 | K114: PRJ00108 | L114: ='Generate Dummy Closed WON (Reve'!I116 -> 3297.7939 | M114: PRJ00108 | N114: ='Generate Dummy Closed WON (Reve'!J116 -> 441904.38 | O114: PRJ00108
A115: ='Generate Dummy Closed WON (Reve'!A117 -> PRJ00119 | B115: ='Generate Dummy Closed WON (Reve'!D117 -> 732843.08 | C115: PRJ00119 | D115: ='Generate Dummy Closed WON (Reve'!E117 -> 366421.54 | E115: PRJ00119 | F115: ='Generate Dummy Closed WON (Reve'!F117 -> 219852.92 | G115: PRJ00119 | H115: ='Generate Dummy Closed WON (Reve'!G117 -> 2564950.8 | I115: PRJ00119 | J115: ='Generate Dummy Closed WON (Reve'!H117 -> 586274.47 | K115: PRJ00119 | L115: ='Generate Dummy Closed WON (Reve'!I117 -> 16488.969 | M115: PRJ00119 | N115: ='Generate Dummy Closed WON (Reve'!J117 -> 2209521.9 | O115: PRJ00119
A116: ='Generate Dummy Closed WON (Reve'!A118 -> PRJ00128 | B116: ='Generate Dummy Closed WON (Reve'!D118 -> 1465686.2 | C116: PRJ00128 | D116: ='Generate Dummy Closed WON (Reve'!E118 -> 732843.08 | E116: PRJ00128 | F116: ='Generate Dummy Closed WON (Reve'!F118 -> 439705.85 | G116: PRJ00128 | H116: ='Generate Dummy Closed WON (Reve'!G118 -> 5129901.6 | I116: PRJ00128 | J116: ='Generate Dummy Closed WON (Reve'!H118 -> 1172548.9 | K116: PRJ00128 | L116: ='Generate Dummy Closed WON (Reve'!I118 -> 32977.939 | M116: PRJ00128 | N116: ='Generate Dummy Closed WON (Reve'!J118 -> 4419043.8 | O116: PRJ00128
A117: ='Generate Dummy Closed WON (Reve'!A119 -> PRJ00228 | B117: ='Generate Dummy Closed WON (Reve'!D119 -> 1172548.9 | C117: PRJ00228 | D117: ='Generate Dummy Closed WON (Reve'!E119 -> 586274.47 | E117: PRJ00228 | F117: ='Generate Dummy Closed WON (Reve'!F119 -> 351764.68 | G117: PRJ00228 | H117: ='Generate Dummy Closed WON (Reve'!G119 -> 4103921.3 | I117: PRJ00228 | J117: ='Generate Dummy Closed WON (Reve'!H119 -> 938039.15 | K117: PRJ00228 | L117: ='Generate Dummy Closed WON (Reve'!I119 -> 26382.351 | M117: PRJ00228 | N117: ='Generate Dummy Closed WON (Reve'!J119 -> 3535235 | O117: PRJ00228
A118: ='Generate Dummy Closed WON (Reve'!A120 -> PRJ00339 | B118: ='Generate Dummy Closed WON (Reve'!D120 -> 1319117.5 | C118: PRJ00339 | D118: ='Generate Dummy Closed WON (Reve'!E120 -> 659558.77 | E118: PRJ00339 | F118: ='Generate Dummy Closed WON (Reve'!F120 -> 395735.26 | G118: PRJ00339 | H118: ='Generate Dummy Closed WON (Reve'!G120 -> 4616911.4 | I118: PRJ00339 | J118: ='Generate Dummy Closed WON (Reve'!H120 -> 1055294 | K118: PRJ00339 | L118: ='Generate Dummy Closed WON (Reve'!I120 -> 29680.145 | M118: PRJ00339 | N118: ='Generate Dummy Closed WON (Reve'!J120 -> 3977139.4 | O118: PRJ00339
A119: ='Generate Dummy Closed WON (Reve'!A121 -> PRJ00459 | B119: ='Generate Dummy Closed WON (Reve'!D121 -> 1025980.3 | C119: PRJ00459 | D119: ='Generate Dummy Closed WON (Reve'!E121 -> 512990.16 | E119: PRJ00459 | F119: ='Generate Dummy Closed WON (Reve'!F121 -> 307794.09 | G119: PRJ00459 | H119: ='Generate Dummy Closed WON (Reve'!G121 -> 3590931.1 | I119: PRJ00459 | J119: ='Generate Dummy Closed WON (Reve'!H121 -> 820784.25 | K119: PRJ00459 | L119: ='Generate Dummy Closed WON (Reve'!I121 -> 23084.557 | M119: PRJ00459 | N119: ='Generate Dummy Closed WON (Reve'!J121 -> 3093330.6 | O119: PRJ00459
A120: ='Generate Dummy Closed WON (Reve'!A122 -> PRJ00479 | B120: ='Generate Dummy Closed WON (Reve'!D122 -> 293137.23 | C120: PRJ00479 | D120: ='Generate Dummy Closed WON (Reve'!E122 -> 146568.62 | E120: PRJ00479 | F120: ='Generate Dummy Closed WON (Reve'!F122 -> 87941.17 | G120: PRJ00479 | H120: ='Generate Dummy Closed WON (Reve'!G122 -> 1025980.3 | I120: PRJ00479 | J120: ='Generate Dummy Closed WON (Reve'!H122 -> 234509.79 | K120: PRJ00479 | L120: ='Generate Dummy Closed WON (Reve'!I122 -> 6595.5877 | M120: PRJ00479 | N120: ='Generate Dummy Closed WON (Reve'!J122 -> 883808.76 | O120: PRJ00479
A121: ='Generate Dummy Closed WON (Reve'!A123 -> PRJ00508 | B121: ='Generate Dummy Closed WON (Reve'!D123 -> 1172548.9 | C121: PRJ00508 | D121: ='Generate Dummy Closed WON (Reve'!E123 -> 586274.47 | E121: PRJ00508 | F121: ='Generate Dummy Closed WON (Reve'!F123 -> 351764.68 | G121: PRJ00508 | H121: ='Generate Dummy Closed WON (Reve'!G123 -> 4103921.3 | I121: PRJ00508 | J121: ='Generate Dummy Closed WON (Reve'!H123 -> 938039.15 | K121: PRJ00508 | L121: ='Generate Dummy Closed WON (Reve'!I123 -> 26382.351 | M121: PRJ00508 | N121: ='Generate Dummy Closed WON (Reve'!J123 -> 3535235 | O121: PRJ00508
... A125: ='Generate Dummy Closed WON (Reve'!A127 -> PRJ00819 | B125: ='Generate Dummy Closed WON (Reve'!D127 -> 146568.62 | C125: PRJ00819 | D125: ='Generate Dummy Closed WON (Reve'!E127 -> 73284.308 | E125: PRJ00819 | F125: ='Generate Dummy Closed WON (Reve'!F127 -> 43970.585 | G125: PRJ00819 | H125: ='Generate Dummy Closed WON (Reve'!G127 -> 512990.16 | I125: PRJ00819 | J125: ='Generate Dummy Closed WON (Reve'!H127 -> 117254.89 | K125: PRJ00819 | L125: ='Generate Dummy Closed WON (Reve'!I127 -> 3297.7939 | M125: PRJ00819 | N125: ='Generate Dummy Closed WON (Reve'!J127 -> 441904.38 | O125: PRJ00819
A126: ='Generate Dummy Closed WON (Reve'!L113 -> PRJ00030 | B126: ='Generate Dummy Closed WON (Reve'!O112 -> 210969.98 | C126: =A126 -> PRJ00030 | D126: ='Generate Dummy Closed WON (Reve'!P112 -> 105484.99 | E126: =C126 -> PRJ00030 | F126: ='Generate Dummy Closed WON (Reve'!Q112 -> 63290.993 | G126: =E126 -> PRJ00030 | H126: ='Generate Dummy Closed WON (Reve'!R112 -> 738394.92 | I126: =G126 -> PRJ00030 | J126: ='Generate Dummy Closed WON (Reve'!S112 -> 168775.98 | K126: =I126 -> PRJ00030 | L126: ='Generate Dummy Closed WON (Reve'!T112 -> 4746.8245 | M126: =K126 -> PRJ00030 | N126: ='Generate Dummy Closed WON (Reve'!U112 -> 636074.48 | O126: =M126 -> PRJ00030
A127: ='Generate Dummy Closed WON (Reve'!L114 -> PRJ00039 | B127: ='Generate Dummy Closed WON (Reve'!O113 -> 1054849.9 | C127: =A127 -> PRJ00039 | D127: ='Generate Dummy Closed WON (Reve'!P113 -> 527424.95 | E127: =C127 -> PRJ00039 | F127: ='Generate Dummy Closed WON (Reve'!Q113 -> 316454.97 | G127: =E127 -> PRJ00039 | H127: ='Generate Dummy Closed WON (Reve'!R113 -> 3691974.6 | I127: =G127 -> PRJ00039 | J127: ='Generate Dummy Closed WON (Reve'!S113 -> 843879.91 | K127: =I127 -> PRJ00039 | L127: ='Generate Dummy Closed WON (Reve'!T113 -> 23734.123 | M127: =K127 -> PRJ00039 | N127: ='Generate Dummy Closed WON (Reve'!U113 -> 3180372.4 | O127: =M127 -> PRJ00039
A128: ='Generate Dummy Closed WON (Reve'!L115 -> PRJ00150 | B128: ='Generate Dummy Closed WON (Reve'!O114 -> 632909.93 | C128: =A128 -> PRJ00150 | D128: ='Generate Dummy Closed WON (Reve'!P114 -> 316454.97 | E128: =C128 -> PRJ00150 | F128: ='Generate Dummy Closed WON (Reve'!Q114 -> 189872.98 | G128: =E128 -> PRJ00150 | H128: ='Generate Dummy Closed WON (Reve'!R114 -> 2215184.8 | I128: =G128 -> PRJ00150 | J128: ='Generate Dummy Closed WON (Reve'!S114 -> 506327.95 | K128: =I128 -> PRJ00150 | L128: ='Generate Dummy Closed WON (Reve'!T114 -> 14240.474 | M128: =K128 -> PRJ00150 | N128: ='Generate Dummy Closed WON (Reve'!U114 -> 1908223.5 | O128: =M128 -> PRJ00150
A129: ='Generate Dummy Closed WON (Reve'!L116 -> PRJ00220 | B129: ='Generate Dummy Closed WON (Reve'!O115 -> 1265819.9 | C129: =A129 -> PRJ00220 | D129: ='Generate Dummy Closed WON (Reve'!P115 -> 632909.93 | E129: =C129 -> PRJ00220 | F129: ='Generate Dummy Closed WON (Reve'!Q115 -> 379745.96 | G129: =E129 -> PRJ00220 | H129: ='Generate Dummy Closed WON (Reve'!R115 -> 4430369.5 | I129: =G129 -> PRJ00220 | J129: ='Generate Dummy Closed WON (Reve'!S115 -> 1012655.9 | K129: =I129 -> PRJ00220 | L129: ='Generate Dummy Closed WON (Reve'!T115 -> 28480.947 | M129: =K129 -> PRJ00220 | N129: ='Generate Dummy Closed WON (Reve'!U115 -> 3816446.9 | O129: =M129 -> PRJ00220
A130: ='Generate Dummy Closed WON (Reve'!L117 -> PRJ00400 | B130: ='Generate Dummy Closed WON (Reve'!O116 -> 1265819.9 | C130: =A130 -> PRJ00400 | D130: ='Generate Dummy Closed WON (Reve'!P116 -> 632909.93 | E130: =C130 -> PRJ00400 | F130: ='Generate Dummy Closed WON (Reve'!Q116 -> 379745.96 | G130: =E130 -> PRJ00400 | H130: ='Generate Dummy Closed WON (Reve'!R116 -> 4430369.5 | I130: =G130 -> PRJ00400 | J130: ='Generate Dummy Closed WON (Reve'!S116 -> 1012655.9 | K130: =I130 -> PRJ00400 | L130: ='Generate Dummy Closed WON (Reve'!T116 -> 28480.947 | M130: =K130 -> PRJ00400 | N130: ='Generate Dummy Closed WON (Reve'!U116 -> 3816446.9 | O130: =M130 -> PRJ00400
A131: ='Generate Dummy Closed WON (Reve'!L118 -> PRJ00540 | B131: ='Generate Dummy Closed WON (Reve'!O117 -> 1265819.9 | C131: =A131 -> PRJ00540 | D131: ='Generate Dummy Closed WON (Reve'!P117 -> 632909.93 | E131: =C131 -> PRJ00540 | F131: ='Generate Dummy Closed WON (Reve'!Q117 -> 379745.96 | G131: =E131 -> PRJ00540 | H131: ='Generate Dummy Closed WON (Reve'!R117 -> 4430369.5 | I131: =G131 -> PRJ00540 | J131: ='Generate Dummy Closed WON (Reve'!S117 -> 1012655.9 | K131: =I131 -> PRJ00540 | L131: ='Generate Dummy Closed WON (Reve'!T117 -> 28480.947 | M131: =K131 -> PRJ00540 | N131: ='Generate Dummy Closed WON (Reve'!U117 -> 3816446.9 | O131: =M131 -> PRJ00540
A132: ='Generate Dummy Closed WON (Reve'!L119 -> PRJ00590 | B132: ='Generate Dummy Closed WON (Reve'!O118 -> 210969.98 | C132: =A132 -> PRJ00590 | D132: ='Generate Dummy Closed WON (Reve'!P118 -> 105484.99 | E132: =C132 -> PRJ00590 | F132: ='Generate Dummy Closed WON (Reve'!Q118 -> 63290.993 | G132: =E132 -> PRJ00590 | H132: ='Generate Dummy Closed WON (Reve'!R118 -> 738394.92 | I132: =G132 -> PRJ00590 | J132: ='Generate Dummy Closed WON (Reve'!S118 -> 168775.98 | K132: =I132 -> PRJ00590 | L132: ='Generate Dummy Closed WON (Reve'!T118 -> 4746.8245 | M132: =K132 -> PRJ00590 | N132: ='Generate Dummy Closed WON (Reve'!U118 -> 636074.48 | O132: =M132 -> PRJ00590
A133: ='Generate Dummy Closed WON (Reve'!L120 -> PRJ00620 | B133: ='Generate Dummy Closed WON (Reve'!O119 -> 1265819.9 | C133: =A133 -> PRJ00620 | D133: ='Generate Dummy Closed WON (Reve'!P119 -> 632909.93 | E133: =C133 -> PRJ00620 | F133: ='Generate Dummy Closed WON (Reve'!Q119 -> 379745.96 | G133: =E133 -> PRJ00620 | H133: ='Generate Dummy Closed WON (Reve'!R119 -> 4430369.5 | I133: =G133 -> PRJ00620 | J133: ='Generate Dummy Closed WON (Reve'!S119 -> 1012655.9 | K133: =I133 -> PRJ00620 | L133: ='Generate Dummy Closed WON (Reve'!T119 -> 28480.947 | M133: =K133 -> PRJ00620 | N133: ='Generate Dummy Closed WON (Reve'!U119 -> 3816446.9 | O133: =M133 -> PRJ00620
A134: ='Generate Dummy Closed WON (Reve'!L121 -> PRJ00680 | B134: ='Generate Dummy Closed WON (Reve'!O120 -> 1054849.9 | C134: =A134 -> PRJ00680 | D134: ='Generate Dummy Closed WON (Reve'!P120 -> 527424.95 | E134: =C134 -> PRJ00680 | F134: ='Generate Dummy Closed WON (Reve'!Q120 -> 316454.97 | G134: =E134 -> PRJ00680 | H134: ='Generate Dummy Closed WON (Reve'!R120 -> 3691974.6 | I134: =G134 -> PRJ00680 | J134: ='Generate Dummy Closed WON (Reve'!S120 -> 843879.91 | K134: =I134 -> PRJ00680 | L134: ='Generate Dummy Closed WON (Reve'!T120 -> 23734.123 | M134: =K134 -> PRJ00680 | N134: ='Generate Dummy Closed WON (Reve'!U120 -> 3180372.4 | O134: =M134 -> PRJ00680
...

Sheet Account Data
A1: p_id | B1: ac_id | C1: ac | D1: stage | E1: product_category | F1: product_name | G1: am_id | H1: am | I1: area_id | J1: plan_jan | K1: plan_feb | L1: plan_mar | M1: plan_apr | N1: plan_may | O1: plan_jun | P1: plan_jul | Q1: plan_aug | R1: plan_sep | S1: plan_oct | T1: plan_nov | U1: plan_dec | V1: revenue_jan | W1: revenue_feb | X1: revenue_mar | Y1: revenue_apr | Z1: revenue_may | AA1: revenue_jun | AB1: revenue_jul | AC1: revenue_aug | AD1: revenue_sep | AE1: revenue_oct | AF1: revenue_nov | AG1: revenue_dec
A2: PRJ00001 | B2: CL00001 | C2: =CHOOSE(MOD(ROW()-2, 20)+1, "PT. Maju Jaya", "CV. Sumber Makmur", "PT. Teknologi Nusantara", "PT. Bakti Indonesia", "CV. Amanah Sejahtera", "PT. Digital Solusi Pratama", "PT. Global Niaga Abadi", "PT. Indo Makmur Sentosa", "PT. Citra Mandiri Utama", "PT. Sinar Dunia Baru", "CV. Karya Utama Mandiri", "PT. Pratama Jaya Sentosa", "PT. Abadi Selamanya Jaya", "PT. Mandiri Sejahtera Bersama", "PT. Sejahtera Alam Indonesia", "PT. Indah Kargo Logistik", "PT. Berkah Alam Semesta", "PT. Cahaya Baru Indonesia", "PT. Mentari Pagi Sejahtera", "PT. Bintang Kejora Nusantara") -> PT. Maju Jaya | D2: Proposal | E2: Cloud Services | F2: Nexa Cloud Basic | G2: AM003 | H2: {=XLOOKUP(G:G,'Account Manager Data'!A:A,'Account Manager Data'!B:B,0)} -> Ahmad Fauzi | I2: {=XLOOKUP($G:$G,'Account Manager Data'!$A:$A,'Account Manager Data'!C:C)} -> Sumatera | J2: 2966160 | K2: 7797707 | L2: 751234 | M2: 6323056 | N2: 0 | O2: 7185676 | P2: 11266926 | Q2: 2659407 | R2: 9503335 | S2: 3919266 | T2: 14726687 | U2: 17308622 | V2: {=XLOOKUP(A:A,'Raw Revenue'!A:A,'Raw Revenue'!B:B,0)} -> 0 | W2: {=XLOOKUP(A:A,'Raw Revenue'!C:C,'Raw Revenue'!D:D,0)} -> 0 | X2: {=XLOOKUP(A:A,'Raw Revenue'!E:E,'Raw Revenue'!F:F,0)} -> 0 | Y2: {=XLOOKUP(A:A,'Raw Revenue'!G:G,'Raw Revenue'!H:H,0)} -> 0 | Z2: {=XLOOKUP(A:A,'Raw Revenue'!I:I,'Raw Revenue'!J:J,0)} -> 0 | AA2: {=XLOOKUP(A:A,'Raw Revenue'!K:K,'Raw Revenue'!L:L,0)} -> 0 | AB2: {=XLOOKUP(A:A,'Raw Revenue'!M:M,'Raw Revenue'!N:N,0)} -> 0 | AC2: 0 | AD2: 0 | AE2: 0 | AF2: 0 | AG2: 0
A3: PRJ00002 | B3: CL00002 | C3: =CHOOSE(MOD(ROW()-2, 20)+1, "PT. Maju Jaya", "CV. Sumber Makmur", "PT. Teknologi Nusantara", "PT. Bakti Indonesia", "CV. Amanah Sejahtera", "PT. Digital Solusi Pratama", "PT. Global Niaga Abadi", "PT. Indo Makmur Sentosa", "PT. Citra Mandiri Utama", "PT. Sinar Dunia Baru", "CV. Karya Utama Mandiri", "PT. Pratama Jaya Sentosa", "PT. Abadi Selamanya Jaya", "PT. Mandiri Sejahtera Bersama", "PT. Sejahtera Alam Indonesia", "PT. Indah Kargo Logistik", "PT. Berkah Alam Semesta", "PT. Cahaya Baru Indonesia", "PT. Mentari Pagi Sejahtera", "PT. Bintang Kejora Nusantara") -> CV. Sumber Makmur | D3: Closed Won | E3: Data Analytics | F3: Insight BI Platform | G3: AM010 | H3: {=XLOOKUP(G:G,'Account Manager Data'!A:A,'Account Manager Data'!B:B,0)} -> Ilham Saputra | I3: {=XLOOKUP($G:$G,'Account Manager Data'!$A:$A,'Account Manager Data'!C:C)} -> Jawa | J3: 2567102 | K3: 8814418 | L3: 7699551 | M3: 2258874 | N3: 4255237 | O3: 10378660 | P3: 1520933 | Q3: 9481838 | R3: 0 | S3: 9772055 | T3: 659754 | U3: 17477879 | V3: {=XLOOKUP(A:A,'Raw Revenue'!A:A,'Raw Revenue'!B:B,0)} -> 357026.12 | W3: {=XLOOKUP(A:A,'Raw Revenue'!C:C,'Raw Revenue'!D:D,0)} -> 178513.06 | X3: {=XLOOKUP(A:A,'Raw Revenue'!E:E,'Raw Revenue'!F:F,0)} -> 107107.84 | Y3: {=XLOOKUP(A:A,'Raw Revenue'!G:G,'Raw Revenue'!H:H,0)} -> 1249591.4 | Z3: {=XLOOKUP(A:A,'Raw Revenue'!I:I,'Raw Revenue'!J:J,0)} -> 285620.89 | AA3: {=XLOOKUP(A:A,'Raw Revenue'!K:K,'Raw Revenue'!L:L,0)} -> 8033.0876 | AB3: {=XLOOKUP(A:A,'Raw Revenue'!M:M,'Raw Revenue'!N:N,0)} -> 1076433.7 | AC3: 0 | AD3: 0 | AE3: 0 | AF3: 0 | AG3: 0
A4: PRJ00003 | B4: CL00003 | C4: =CHOOSE(MOD(ROW()-2, 20)+1, "PT. Maju Jaya", "CV. Sumber Makmur", "PT. Teknologi Nusantara", "PT. Bakti Indonesia", "CV. Amanah Sejahtera", "PT. Digital Solusi Pratama", "PT. Global Niaga Abadi", "PT. Indo Makmur Sentosa", "PT. Citra Mandiri Utama", "PT. Sinar Dunia Baru", "CV. Karya Utama Mandiri", "PT. Pratama Jaya Sentosa", "PT. Abadi Selamanya Jaya", "PT. Mandiri Sejahtera Bersama", "PT. Sejahtera Alam Indonesia", "PT. Indah Kargo Logistik", "PT. Berkah Alam Semesta", "PT. Cahaya Baru Indonesia", "PT. Mentari Pagi Sejahtera", "PT. Bintang Kejora Nusantara") -> PT. Teknologi Nusantara | D4: Negotiation | E4: Data Analytics | F4: Realtime Dashboard Pro | G4: AM006 | H4: {=XLOOKUP(G:G,'Account Manager Data'!A:A,'Account Manager Data'!B:B,0)} -> Hendra Gunawan | I4: {=XLOOKUP($G:$G,'Account Manager Data'!$A:$A,'Account Manager Data'!C:C)} -> Kalimantan | J4: 3246821 | K4: 7539407 | L4: 5913756 | M4: 5653365 | N4: 13522904 | O4: 10837711 | P4: 1511364 | Q4: 10962390 | R4: 9730111 | S4: 15947569 | T4: 16258577 | U4: 11898873 | V4: {=XLOOKUP(A:A,'Raw Revenue'!A:A,'Raw Revenue'!B:B,0)} -> 0 | W4: {=XLOOKUP(A:A,'Raw Revenue'!C:C,'Raw Revenue'!D:D,0)} -> 0 | X4: {=XLOOKUP(A:A,'Raw Revenue'!E:E,'Raw Revenue'!F:F,0)} -> 0 | Y4: {=XLOOKUP(A:A,'Raw Revenue'!G:G,'Raw Revenue'!H:H,0)} -> 0 | Z4: {=XLOOKUP(A:A,'Raw Revenue'!I:I,'Raw Revenue'!J:J,0)} -> 0 | AA4: {=XLOOKUP(A:A,'Raw Revenue'!K:K,'Raw Revenue'!L:L,0)} -> 0 | AB4: {=XLOOKUP(A:A,'Raw Revenue'!M:M,'Raw Revenue'!N:N,0)} -> 0 | AC4: 0 | AD4: 0 | AE4: 0 | AF4: 0 | AG4: 0
A5: PRJ00004 | B5: CL00004 | C5: =CHOOSE(MOD(ROW()-2, 20)+1, "PT. Maju Jaya", "CV. Sumber Makmur", "PT. Teknologi Nusantara", "PT. Bakti Indonesia", "CV. Amanah Sejahtera", "PT. Digital Solusi Pratama", "PT. Global Niaga Abadi", "PT. Indo Makmur Sentosa", "PT. Citra Mandiri Utama", "PT. Sinar Dunia Baru", "CV. Karya Utama Mandiri", "PT. Pratama Jaya Sentosa", "PT. Abadi Selamanya Jaya", "PT. Mandiri Sejahtera Bersama", "PT. Sejahtera Alam Indonesia", "PT. Indah Kargo Logistik", "PT. Berkah Alam Semesta", "PT. Cahaya Baru Indonesia", "PT. Mentari Pagi Sejahtera", "PT. Bintang Kejora Nusantara") -> PT. Bakti Indonesia | D5: Proposal | E5: Data Analytics | F5: Realtime Dashboard Pro | G5: AM005 | H5: {=XLOOKUP(G:G,'Account Manager Data'!A:A,'Account Manager Data'!B:B,0)} -> Fajar Ramadhan | I5: {=XLOOKUP($G:$G,'Account Manager Data'!$A:$A,'Account Manager Data'!C:C)} -> Sulawesi | J5: 7961114 | K5: 6416594 | L5: 10340700 | M5: 6438716 | N5: 8958457 | O5: 5382337 | P5: 9460617 | Q5: 1439939 | R5: 12895421 | S5: 1857318 | T5: 5494109 | U5: 0 | V5: {=XLOOKUP(A:A,'Raw Revenue'!A:A,'Raw Revenue'!B:B,0)} -> 0 | W5: {=XLOOKUP(A:A,'Raw Revenue'!C:C,'Raw Revenue'!D:D,0)} -> 0 | X5: {=XLOOKUP(A:A,'Raw Revenue'!E:E,'Raw Revenue'!F:F,0)} -> 0 | Y5: {=XLOOKUP(A:A,'Raw Revenue'!G:G,'Raw Revenue'!H:H,0)} -> 0 | Z5: {=XLOOKUP(A:A,'Raw Revenue'!I:I,'Raw Revenue'!J:J,0)} -> 0 | AA5: {=XLOOKUP(A:A,'Raw Revenue'!K:K,'Raw Revenue'!L:L,0)} -> 0 | AB5: {=XLOOKUP(A:A,'Raw Revenue'!M:M,'Raw Revenue'!N:N,0)} -> 0 | AC5: 0 | AD5: 0 | AE5: 0 | AF5: 0 | AG5: 0
A6: PRJ00005 | B6: CL00005 | C6: =CHOOSE(MOD(ROW()-2, 20)+1, "PT. Maju Jaya", "CV. Sumber Makmur", "PT. Teknologi Nusantara", "PT. Bakti Indonesia", "CV. Amanah Sejahtera", "PT. Digital Solusi Pratama", "PT. Global Niaga Abadi", "PT. Indo Makmur Sentosa", "PT. Citra Mandiri Utama", "PT. Sinar Dunia Baru", "CV. Karya Utama Mandiri", "PT. Pratama Jaya Sentosa", "PT. Abadi Selamanya Jaya", "PT. Mandiri Sejahtera Bersama", "PT. Sejahtera Alam Indonesia", "PT. Indah Kargo Logistik", "PT. Berkah Alam Semesta", "PT. Cahaya Baru Indonesia", "PT. Mentari Pagi Sejahtera", "PT. Bintang Kejora Nusantara") -> CV. Amanah Sejahtera | D6: Prospect | E6: Cyber Security | F6: SOC Monitoring | G6: AM010 | H6: {=XLOOKUP(G:G,'Account Manager Data'!A:A,'Account Manager Data'!B:B,0)} -> Ilham Saputra | I6: {=XLOOKUP($G:$G,'Account Manager Data'!$A:$A,'Account Manager Data'!C:C)} -> Jawa | J6: 694281 | K6: 4642267 | L6: 4271204 | M6: 8871702 | N6: 3710476 | O6: 2790727 | P6: 4940446 | Q6: 7802209 | R6: 10901441 | S6: 14123540 | T6: 11321133 | U6: 9029935 | V6: {=XLOOKUP(A:A,'Raw Revenue'!A:A,'Raw Revenue'!B:B,0)} -> 0 | W6: {=XLOOKUP(A:A,'Raw Revenue'!C:C,'Raw Revenue'!D:D,0)} -> 0 | X6: {=XLOOKUP(A:A,'Raw Revenue'!E:E,'Raw Revenue'!F:F,0)} -> 0 | Y6: {=XLOOKUP(A:A,'Raw Revenue'!G:G,'Raw Revenue'!H:H,0)} -> 0 | Z6: {=XLOOKUP(A:A,'Raw Revenue'!I:I,'Raw Revenue'!J:J,0)} -> 0 | AA6: {=XLOOKUP(A:A,'Raw Revenue'!K:K,'Raw Revenue'!L:L,0)} -> 0 | AB6: {=XLOOKUP(A:A,'Raw Revenue'!M:M,'Raw Revenue'!N:N,0)} -> 0 | AC6: 0 | AD6: 0 | AE6: 0 | AF6: 0 | AG6: 0
A7: PRJ00006 | B7: CL00006 | C7: =CHOOSE(MOD(ROW()-2, 20)+1, "PT. Maju Jaya", "CV. Sumber Makmur", "PT. Teknologi Nusantara", "PT. Bakti Indonesia", "CV. Amanah Sejahtera", "PT. Digital Solusi Pratama", "PT. Global Niaga Abadi", "PT. Indo Makmur Sentosa", "PT. Citra Mandiri Utama", "PT. Sinar Dunia Baru", "CV. Karya Utama Mandiri", "PT. Pratama Jaya Sentosa", "PT. Abadi Selamanya Jaya", "PT. Mandiri Sejahtera Bersama", "PT. Sejahtera Alam Indonesia", "PT. Indah Kargo Logistik", "PT. Berkah Alam Semesta", "PT. Cahaya Baru Indonesia", "PT. Mentari Pagi Sejahtera", "PT. Bintang Kejora Nusantara") -> PT. Digital Solusi Pratama | D7: Closed Lost | E7: Collaboration Tools | F7: TeamSync Workspace | G7: AM001 | H7: {=XLOOKUP(G:G,'Account Manager Data'!A:A,'Account Manager Data'!B:B,0)} -> Rizky Maulana | I7: {=XLOOKUP($G:$G,'Account Manager Data'!$A:$A,'Account Manager Data'!C:C)} -> Jawa | J7: 1538794 | K7: 8884412 | L7: 8615893 | M7: 1055216 | N7: 2976622 | O7: 14923256 | P7: 3676715 | Q7: 9093131 | R7: 1002210 | S7: 1169432 | T7: 0 | U7: 14632060 | V7: {=XLOOKUP(A:A,'Raw Revenue'!A:A,'Raw Revenue'!B:B,0)} -> 0 | W7: {=XLOOKUP(A:A,'Raw Revenue'!C:C,'Raw Revenue'!D:D,0)} -> 0 | X7: {=XLOOKUP(A:A,'Raw Revenue'!E:E,'Raw Revenue'!F:F,0)} -> 0 | Y7: {=XLOOKUP(A:A,'Raw Revenue'!G:G,'Raw Revenue'!H:H,0)} -> 0 | Z7: {=XLOOKUP(A:A,'Raw Revenue'!I:I,'Raw Revenue'!J:J,0)} -> 0 | AA7: {=XLOOKUP(A:A,'Raw Revenue'!K:K,'Raw Revenue'!L:L,0)} -> 0 | AB7: {=XLOOKUP(A:A,'Raw Revenue'!M:M,'Raw Revenue'!N:N,0)} -> 0 | AC7: 0 | AD7: 0 | AE7: 0 | AF7: 0 | AG7: 0
A8: PRJ00007 | B8: CL00007 | C8: =CHOOSE(MOD(ROW()-2, 20)+1, "PT. Maju Jaya", "CV. Sumber Makmur", "PT. Teknologi Nusantara", "PT. Bakti Indonesia", "CV. Amanah Sejahtera", "PT. Digital Solusi Pratama", "PT. Global Niaga Abadi", "PT. Indo Makmur Sentosa", "PT. Citra Mandiri Utama", "PT. Sinar Dunia Baru", "CV. Karya Utama Mandiri", "PT. Pratama Jaya Sentosa", "PT. Abadi Selamanya Jaya", "PT. Mandiri Sejahtera Bersama", "PT. Sejahtera Alam Indonesia", "PT. Indah Kargo Logistik", "PT. Berkah Alam Semesta", "PT. Cahaya Baru Indonesia", "PT. Mentari Pagi Sejahtera", "PT. Bintang Kejora Nusantara") -> PT. Global Niaga Abadi | D8: Closed Won | E8: Data Analytics | F8: Realtime Dashboard Pro | G8: AM008 | H8: {=XLOOKUP(G:G,'Account Manager Data'!A:A,'Account Manager Data'!B:B,0)} -> Budi Santoso | I8: {=XLOOKUP($G:$G,'Account Manager Data'!$A:$A,'Account Manager Data'!C:C)} -> Papua | J8: 2718187 | K8: 4141754 | L8: 8835324 | M8: 379338 | N8: 11051261 | O8: 9907821 | P8: 15305877 | Q8: 11286631 | R8: 14544387 | S8: 1654939 | T8: 1292246 | U8: 17615147 | V8: {=XLOOKUP(A:A,'Raw Revenue'!A:A,'Raw Revenue'!B:B,0)} -> 1319117.5 | W8: {=XLOOKUP(A:A,'Raw Revenue'!C:C,'Raw Revenue'!D:D,0)} -> 659558.77 | X8: {=XLOOKUP(A:A,'Raw Revenue'!E:E,'Raw Revenue'!F:F,0)} -> 395735.26 | Y8: {=XLOOKUP(A:A,'Raw Revenue'!G:G,'Raw Revenue'!H:H,0)} -> 4616911.4 | Z8: {=XLOOKUP(A:A,'Raw Revenue'!I:I,'Raw Revenue'!J:J,0)} -> 1055294 | AA8: {=XLOOKUP(A:A,'Raw Revenue'!K:K,'Raw Revenue'!L:L,0)} -> 29680.145 | AB8: {=XLOOKUP(A:A,'Raw Revenue'!M:M,'Raw Revenue'!N:N,0)} -> 3977139.4 | AC8: 0 | AD8: 0 | AE8: 0 | AF8: 0 | AG8: 0
A9: PRJ00008 | B9: CL00008 | C9: =CHOOSE(MOD(ROW()-2, 20)+1, "PT. Maju Jaya", "CV. Sumber Makmur", "PT. Teknologi Nusantara", "PT. Bakti Indonesia", "CV. Amanah Sejahtera", "PT. Digital Solusi Pratama", "PT. Global Niaga Abadi", "PT. Indo Makmur Sentosa", "PT. Citra Mandiri Utama", "PT. Sinar Dunia Baru", "CV. Karya Utama Mandiri", "PT. Pratama Jaya Sentosa", "PT. Abadi Selamanya Jaya", "PT. Mandiri Sejahtera Bersama", "PT. Sejahtera Alam Indonesia", "PT. Indah Kargo Logistik", "PT. Berkah Alam Semesta", "PT. Cahaya Baru Indonesia", "PT. Mentari Pagi Sejahtera", "PT. Bintang Kejora Nusantara") -> PT. Indo Makmur Sentosa | D9: Qualified | E9: Managed Network | F9: Dedicated Network Service | G9: AM002 | H9: {=XLOOKUP(G:G,'Account Manager Data'!A:A,'Account Manager Data'!B:B,0)} -> Dedi Kurniawan | I9: {=XLOOKUP($G:$G,'Account Manager Data'!$A:$A,'Account Manager Data'!C:C)} -> Kalimantan | J9: 7902204 | K9: 4324843 | L9: 2618601 | M9: 8685348 | N9: 5869549 | O9: 14965106 | P9: 8492410 | Q9: 2352252 | R9: 0 | S9: 14061399 | T9: 18896236 | U9: 0 | V9: {=XLOOKUP(A:A,'Raw Revenue'!A:A,'Raw Revenue'!B:B,0)} -> 0 | W9: {=XLOOKUP(A:A,'Raw Revenue'!C:C,'Raw Revenue'!D:D,0)} -> 0 | X9: {=XLOOKUP(A:A,'Raw Revenue'!E:E,'Raw Revenue'!F:F,0)} -> 0 | Y9: {=XLOOKUP(A:A,'Raw Revenue'!G:G,'Raw Revenue'!H:H,0)} -> 0 | Z9: {=XLOOKUP(A:A,'Raw Revenue'!I:I,'Raw Revenue'!J:J,0)} -> 0 | AA9: {=XLOOKUP(A:A,'Raw Revenue'!K:K,'Raw Revenue'!L:L,0)} -> 0 | AB9: {=XLOOKUP(A:A,'Raw Revenue'!M:M,'Raw Revenue'!N:N,0)} -> 0 | AC9: 0 | AD9: 0 | AE9: 0 | AF9: 0 | AG9: 0
A10: PRJ00009 | B10: CL00009 | C10: =CHOOSE(MOD(ROW()-2, 20)+1, "PT. Maju Jaya", "CV. Sumber Makmur", "PT. Teknologi Nusantara", "PT. Bakti Indonesia", "CV. Amanah Sejahtera", "PT. Digital Solusi Pratama", "PT. Global Niaga Abadi", "PT. Indo Makmur Sentosa", "PT. Citra Mandiri Utama", "PT. Sinar Dunia Baru", "CV. Karya Utama Mandiri", "PT. Pratama Jaya Sentosa", "PT. Abadi Selamanya Jaya", "PT. Mandiri Sejahtera Bersama", "PT. Sejahtera Alam Indonesia", "PT. Indah Kargo Logistik", "PT. Berkah Alam Semesta", "PT. Cahaya Baru Indonesia", "PT. Mentari Pagi Sejahtera", "PT. Bintang Kejora Nusantara") -> PT. Citra Mandiri Utama | D10: Prospect | E10: Managed Network | F10: SD-WAN Enterprise | G10: AM009 | H10: {=XLOOKUP(G:G,'Account Manager Data'!A:A,'Account Manager Data'!B:B,0)} -> Teguh Wijaya | I10: {=XLOOKUP($G:$G,'Account Manager Data'!$A:$A,'Account Manager Data'!C:C)} -> Sulawesi | J10: 982441 | K10: 4733715 | L10: 4654353 | M10: 0 | N10: 6681782 | O10: 10384501 | P10: 0 | Q10: 1276070 | R10: 256764 | S10: 10545867 | T10: 4972907 | U10: 4664936 | V10: {=XLOOKUP(A:A,'Raw Revenue'!A:A,'Raw Revenue'!B:B,0)} -> 0 | W10: {=XLOOKUP(A:A,'Raw Revenue'!C:C,'Raw Revenue'!D:D,0)} -> 0 | X10: {=XLOOKUP(A:A,'Raw Revenue'!E:E,'Raw Revenue'!F:F,0)} -> 0 | Y10: {=XLOOKUP(A:A,'Raw Revenue'!G:G,'Raw Revenue'!H:H,0)} -> 0 | Z10: {=XLOOKUP(A:A,'Raw Revenue'!I:I,'Raw Revenue'!J:J,0)} -> 0 | AA10: {=XLOOKUP(A:A,'Raw Revenue'!K:K,'Raw Revenue'!L:L,0)} -> 0 | AB10: {=XLOOKUP(A:A,'Raw Revenue'!M:M,'Raw Revenue'!N:N,0)} -> 0 | AC10: 0 | AD10: 0 | AE10: 0 | AF10: 0 | AG10: 0
A11: PRJ00010 | B11: CL00010 | C11: =CHOOSE(MOD(ROW()-2, 20)+1, "PT. Maju Jaya", "CV. Sumber Makmur", "PT. Teknologi Nusantara", "PT. Bakti Indonesia", "CV. Amanah Sejahtera", "PT. Digital Solusi Pratama", "PT. Global Niaga Abadi", "PT. Indo Makmur Sentosa", "PT. Citra Mandiri Utama", "PT. Sinar Dunia Baru", "CV. Karya Utama Mandiri", "PT. Pratama Jaya Sentosa", "PT. Abadi Selamanya Jaya", "PT. Mandiri Sejahtera Bersama", "PT. Sejahtera Alam Indonesia", "PT. Indah Kargo Logistik", "PT. Berkah Alam Semesta", "PT. Cahaya Baru Indonesia", "PT. Mentari Pagi Sejahtera", "PT. Bintang Kejora Nusantara") -> PT. Sinar Dunia Baru | D11: Closed Lost | E11: Cyber Security | F11: SOC Monitoring | G11: AM004 | H11: {=XLOOKUP(G:G,'Account Manager Data'!A:A,'Account Manager Data'!B:B,0)} -> Eko Prasetyo | I11: {=XLOOKUP($G:$G,'Account Manager Data'!$A:$A,'Account Manager Data'!C:C)} -> Papua | J11: 6409402 | K11: 3847942 | L11: 10806210 | M11: 3183351 | N11: 0 | O11: 4699677 | P11: 9405758 | Q11: 8999847 | R11: 11060610 | S11: 16187701 | T11: 1851791 | U11: 7555624 | V11: {=XLOOKUP(A:A,'Raw Revenue'!A:A,'Raw Revenue'!B:B,0)} -> 0 | W11: {=XLOOKUP(A:A,'Raw Revenue'!C:C,'Raw Revenue'!D:D,0)} -> 0 | X11: {=XLOOKUP(A:A,'Raw Revenue'!E:E,'Raw Revenue'!F:F,0)} -> 0 | Y11: {=XLOOKUP(A:A,'Raw Revenue'!G:G,'Raw Revenue'!H:H,0)} -> 0 | Z11: {=XLOOKUP(A:A,'Raw Revenue'!I:I,'Raw Revenue'!J:J,0)} -> 0 | AA11: {=XLOOKUP(A:A,'Raw Revenue'!K:K,'Raw Revenue'!L:L,0)} -> 0 | AB11: {=XLOOKUP(A:A,'Raw Revenue'!M:M,'Raw Revenue'!N:N,0)} -> 0 | AC11: 0 | AD11: 0 | AE11: 0 | AF11: 0 | AG11: 0
A12: PRJ00011 | B12: CL00011 | C12: =CHOOSE(MOD(ROW()-2, 20)+1, "PT. Maju Jaya", "CV. Sumber Makmur", "PT. Teknologi Nusantara", "PT. Bakti Indonesia", "CV. Amanah Sejahtera", "PT. Digital Solusi Pratama", "PT. Global Niaga Abadi", "PT. Indo Makmur Sentosa", "PT. Citra Mandiri Utama", "PT. Sinar Dunia Baru", "CV. Karya Utama Mandiri", "PT. Pratama Jaya Sentosa", "PT. Abadi Selamanya Jaya", "PT. Mandiri Sejahtera Bersama", "PT. Sejahtera Alam Indonesia", "PT. Indah Kargo Logistik", "PT. Berkah Alam Semesta", "PT. Cahaya Baru Indonesia", "PT. Mentari Pagi Sejahtera", "PT. Bintang Kejora Nusantara") -> CV. Karya Utama Mandiri | D12: Prospect | E12: Cloud Services | F12: Nexa Cloud Basic | G12: AM007 | H12: {=XLOOKUP(G:G,'Account Manager Data'!A:A,'Account Manager Data'!B:B,0)} -> Yusuf Hidayat | I12: {=XLOOKUP($G:$G,'Account Manager Data'!$A:$A,'Account Manager Data'!C:C)} -> Sumatera | J12: 4823795 | K12: 154947 | L12: 3183954 | M12: 10934751 | N12: 9207038 | O12: 11357462 | P12: 165191 | Q12: 10893205 | R12: 10424593 | S12: 0 | T12: 7717241 | U12: 18979294 | V12: {=XLOOKUP(A:A,'Raw Revenue'!A:A,'Raw Revenue'!B:B,0)} -> 0 | W12: {=XLOOKUP(A:A,'Raw Revenue'!C:C,'Raw Revenue'!D:D,0)} -> 0 | X12: {=XLOOKUP(A:A,'Raw Revenue'!E:E,'Raw Revenue'!F:F,0)} -> 0 | Y12: {=XLOOKUP(A:A,'Raw Revenue'!G:G,'Raw Revenue'!H:H,0)} -> 0 | Z12: {=XLOOKUP(A:A,'Raw Revenue'!I:I,'Raw Revenue'!J:J,0)} -> 0 | AA12: {=XLOOKUP(A:A,'Raw Revenue'!K:K,'Raw Revenue'!L:L,0)} -> 0 | AB12: {=XLOOKUP(A:A,'Raw Revenue'!M:M,'Raw Revenue'!N:N,0)} -> 0 | AC12: 0 | AD12: 0 | AE12: 0 | AF12: 0 | AG12: 0
A13: PRJ00012 | B13: CL00012 | C13: =CHOOSE(MOD(ROW()-2, 20)+1, "PT. Maju Jaya", "CV. Sumber Makmur", "PT. Teknologi Nusantara", "PT. Bakti Indonesia", "CV. Amanah Sejahtera", "PT. Digital Solusi Pratama", "PT. Global Niaga Abadi", "PT. Indo Makmur Sentosa", "PT. Citra Mandiri Utama", "PT. Sinar Dunia Baru", "CV. Karya Utama Mandiri", "PT. Pratama Jaya Sentosa", "PT. Abadi Selamanya Jaya", "PT. Mandiri Sejahtera Bersama", "PT. Sejahtera Alam Indonesia", "PT. Indah Kargo Logistik", "PT. Berkah Alam Semesta", "PT. Cahaya Baru Indonesia", "PT. Mentari Pagi Sejahtera", "PT. Bintang Kejora Nusantara") -> PT. Pratama Jaya Sentosa | D13: Negotiation | E13: Managed Network | F13: SD-WAN Enterprise | G13: AM006 | H13: {=XLOOKUP(G:G,'Account Manager Data'!A:A,'Account Manager Data'!B:B,0)} -> Hendra Gunawan | I13: {=XLOOKUP($G:$G,'Account Manager Data'!$A:$A,'Account Manager Data'!C:C)} -> Kalimantan | J13: 8045081 | K13: 7998027 | L13: 7543878 | M13: 6422080 | N13: 11437900 | O13: 4705504 | P13: 10019906 | Q13: 15614123 | R13: 0 | S13: 11574329 | T13: 7669399 | U13: 11161020 | V13: {=XLOOKUP(A:A,'Raw Revenue'!A:A,'Raw Revenue'!B:B,0)} -> 0 | W13: {=XLOOKUP(A:A,'Raw Revenue'!C:C,'Raw Revenue'!D:D,0)} -> 0 | X13: {=XLOOKUP(A:A,'Raw Revenue'!E:E,'Raw Revenue'!F:F,0)} -> 0 | Y13: {=XLOOKUP(A:A,'Raw Revenue'!G:G,'Raw Revenue'!H:H,0)} -> 0 | Z13: {=XLOOKUP(A:A,'Raw Revenue'!I:I,'Raw Revenue'!J:J,0)} -> 0 | AA13: {=XLOOKUP(A:A,'Raw Revenue'!K:K,'Raw Revenue'!L:L,0)} -> 0 | AB13: {=XLOOKUP(A:A,'Raw Revenue'!M:M,'Raw Revenue'!N:N,0)} -> 0 | AC13: 0 | AD13: 0 | AE13: 0 | AF13: 0 | AG13: 0
... A1001: PRJ01000 | B1001: CL01000 | C1001: =CHOOSE(MOD(ROW()-2, 20)+1, "PT. Maju Jaya", "CV. Sumber Makmur", "PT. Teknologi Nusantara", "PT. Bakti Indonesia", "CV. Amanah Sejahtera", "PT. Digital Solusi Pratama", "PT. Global Niaga Abadi", "PT. Indo Makmur Sentosa", "PT. Citra Mandiri Utama", "PT. Sinar Dunia Baru", "CV. Karya Utama Mandiri", "PT. Pratama Jaya Sentosa", "PT. Abadi Selamanya Jaya", "PT. Mandiri Sejahtera Bersama", "PT. Sejahtera Alam Indonesia", "PT. Indah Kargo Logistik", "PT. Berkah Alam Semesta", "PT. Cahaya Baru Indonesia", "PT. Mentari Pagi Sejahtera", "PT. Bintang Kejora Nusantara") -> PT. Bintang Kejora Nusantara | D1001: Closed Won | E1001: Managed Network | F1001: Dedicated Network Service | G1001: AM005 | H1001: {=XLOOKUP(G:G,'Account Manager Data'!A:A,'Account Manager Data'!B:B,0)} -> Fajar Ramadhan | I1001: {=XLOOKUP($G:$G,'Account Manager Data'!$A:$A,'Account Manager Data'!C:C)} -> Sulawesi | J1001: 3755216 | K1001: 3796453 | L1001: 1411997 | M1001: 5112589 | N1001: 4717857 | O1001: 15062079 | P1001: 8861163 | Q1001: 4043144 | R1001: 2939086 | S1001: 11405497 | T1001: 12370397 | U1001: 9220153 | V1001: {=XLOOKUP(A:A,'Raw Revenue'!A:A,'Raw Revenue'!B:B,0)} -> 2227843 | W1001: {=XLOOKUP(A:A,'Raw Revenue'!C:C,'Raw Revenue'!D:D,0)} -> 2227843 | X1001: {=XLOOKUP(A:A,'Raw Revenue'!E:E,'Raw Revenue'!F:F,0)} -> 4455685.9 | Y1001: {=XLOOKUP(A:A,'Raw Revenue'!G:G,'Raw Revenue'!H:H,0)} -> 3638810.2 | Z1001: {=XLOOKUP(A:A,'Raw Revenue'!I:I,'Raw Revenue'!J:J,0)} -> 3267503 | AA1001: {=XLOOKUP(A:A,'Raw Revenue'!K:K,'Raw Revenue'!L:L,0)} -> 8354411.1 | AB1001: {=XLOOKUP(A:A,'Raw Revenue'!M:M,'Raw Revenue'!N:N,0)} -> 7686058.2 | AC1001: 0 | AD1001: 0 | AE1001: 0 | AF1001: 0 | AG1001: 0
A1002: 0 | B1002: 0 | C1002: 0 | D1002: 0 | E1002: 0 | F1002: 0 | G1002: 0 | H1002: {=XLOOKUP(G:G,'Account Manager Data'!A:A,'Account Manager Data'!B:B,0)} -> 0 | I1002: 0 | J1002: 0 | K1002: 0 | L1002: 0 | M1002: 0 | N1002: 0 | O1002: 0 | P1002: 0 | Q1002: 0 | R1002: 0 | S1002: 0 | T1002: 0 | U1002: 0 | V1002: 0 | W1002: 0 | X1002: 0 | Y1002: 0 | Z1002: 0 | AA1002: 0 | AB1002: 0 | AC1002: 0 | AD1002: 0 | AE1002: 0 | AF1002: 0 | AG1002: 0

Sheet AM 
A1: AM | B1: AM_Name | C1: area_id | D1: Target_Revenue_jan | E1: Target_Revenue_feb | F1: Target_Revenue_mar | G1: Target_Revenue_apr | H1: Target_Revenue_may | I1: Target_Revenue_jun | J1: Target_Revenue_jul | K1: Target_Revenue_aug | L1: Target_Revenue_sep | M1: Target_Revenue_oct | N1: Target_Revenue_nov | O1: Target_Revenue_dec | P1: Target_Plan_Jan | Q1: Target_Plan_Feb | R1: Target_Plan_Mar | S1: Target_Plan_Apr | T1: Target_Plan_May | U1: Target_Plan_Jun | V1: Target_Plan_Jul | W1: Target_Plan_Aug | X1: Target_Plan_Sep | Y1: Target_Plan_Oct | Z1: Target_Plan_Nov | AA1: Target_Plan_Dec | AB1: CW_Target_Jan | AC1: CW_Target_Feb | AD1: CW_Target_Mar | AE1: CW_Target_Apr | AF1: CW_Target_May | AG1: CW_Target_Jun | AH1: CW_Target_Jul | AI1: CW_Target_Aug | AJ1: CW_Target_Sep | AK1: CW_Target_Oct | AL1: CW_Target_Nov | AM1: CW_Target_Dec | AN1: plan_jan | AO1: plan_feb | AP1: plan_mar | AQ1: plan_apr | AR1: plan_may | AS1: plan_jun | AT1: plan_jul | AU1: plan_aug | AV1: plan_sep | AW1: plan_oct | AX1: plan_nov | AY1: plan_dec | AZ1: closed_won_total_jan | BA1: closed_won_total_feb | BB1: closed_won_total_mar | BC1: closed_won_total_apr | BD1: closed_won_total_may | BE1: closed_won_total_jun | BF1: closed_won_total_jul | BG1: closed_won_total_aug | BH1: closed_won_total_sep | BI1: closed_won_total_oct | BJ1: closed_won_total_nov | BK1: closed_won_total_dec | BL1: revenue_jan | BM1: revenue_feb | BN1: revenue_mar | BO1: revenue_apr | BP1: revenue_may | BQ1: revenue_jun | BR1: revenue_jul | BS1: revenue_aug | BT1: revenue_sep | BU1: revenue_oct | BV1: revenue_nov | BW1: revenue_dec | BX1: History - Jan 25 | BY1: History - Feb 25 | BZ1: History - Mar 25 | CA1: History - Apr 25 | CB1: History - May 25 | CC1: History - Jun 25 | CD1: History - Jul 25 | CE1: History - Aug 25 | CF1: History - Sep 25 | CG1: History - Oct 25 | CH1: History - Nov 25 | CI1: History - Dec 25
A2: ='Account Manager Data'!A:A -> AM001 | B2: ='Account Manager Data'!B:B -> Rizky Maulana | C2: ='Account Manager Data'!C:C -> Jawa | D2: {=XLOOKUP($B:$B,Target!$C:$C,Target!Q:Q,0)} -> 55696074 | E2: {=XLOOKUP($B:$B,Target!$C:$C,Target!R:R,0)} -> 69620093 | F2: {=XLOOKUP($B:$B,Target!$C:$C,Target!S:S,0)} -> 83544111 | G2: {=XLOOKUP($B:$B,Target!$C:$C,Target!T:T,0)} -> 97468130 | H2: {=XLOOKUP($B:$B,Target!$C:$C,Target!U:U,0)} -> 1.1139215e+08 | I2: {=XLOOKUP($B:$B,Target!$C:$C,Target!V:V,0)} -> 125316167 | J2: {=XLOOKUP($B:$B,Target!$C:$C,Target!W:W,0)} -> 125316167 | K2: {=XLOOKUP($B:$B,Target!$C:$C,Target!X:X,0)} -> 125316167 | L2: {=XLOOKUP($B:$B,Target!$C:$C,Target!Y:Y,0)} -> 1.3924019e+08 | M2: {=XLOOKUP($B:$B,Target!$C:$C,Target!Z:Z,0)} -> 1.3924019e+08 | N2: {=XLOOKUP($B:$B,Target!$C:$C,Target!AA:AA,0)} -> 1.531642e+08 | O2: {=XLOOKUP($B:$B,Target!$C:$C,Target!AB:AB,0)} -> 1.6708822e+08 | P2: =D2*7 -> 3.8987252e+08 | Q2: =E2*7 -> 4.8734065e+08 | R2: =F2*7 -> 5.8480878e+08 | S2: =G2*7 -> 6.8227691e+08 | T2: =H2*7 -> 7.7974504e+08 | U2: =I2*7 -> 8.7721317e+08 | V2: =J2*7 -> 8.7721317e+08 | W2: =K2*7 -> 8.7721317e+08 | ... AA2: =O2*7 -> 1169617559 | AB2: =D2*1.5 -> 83544111 | AC2: =E2*1.5 -> 1.0443014e+08 | AD2: =F2*1.5 -> 125316167 | AE2: =G2*1.5 -> 1.4620219e+08 | AF2: =H2*1.5 -> 1.6708822e+08 | AG2: =I2*1.5 -> 1.8797425e+08 | AH2: =J2*1.5 -> 1.8797425e+08 | AI2: =K2*1.5 -> 1.8797425e+08 | ... AM2: =O2*1.5 -> 2.5063233e+08 | AN2: =SUMIFS('Account Data'!J:J,'Account Data'!$G:$G,A2) -> 452159975 | AO2: =SUMIFS('Account Data'!K:K,'Account Data'!$G:$G,A2) -> 480340777 | AP2: =SUMIFS('Account Data'!L:L,'Account Data'!$G:$G,A2) -> 533815137 | AQ2: =SUMIFS('Account Data'!M:M,'Account Data'!$G:$G,A2) -> 580736606 | AR2: =SUMIFS('Account Data'!N:N,'Account Data'!$G:$G,A2) -> 690298721 | AS2: =SUMIFS('Account Data'!O:O,'Account Data'!$G:$G,A2) -> 731800551 | AT2: =SUMIFS('Account Data'!P:P,'Account Data'!$G:$G,A2) -> 868842981 | AU2: =SUMIFS('Account Data'!Q:Q,'Account Data'!$G:$G,A2) -> 1950067653 | AV2: =SUMIFS('Account Data'!R:R,'Account Data'!$G:$G,A2) -> 687835840 | AW2: =SUMIFS('Account Data'!S:S,'Account Data'!$G:$G,A2) -> 831290994 | AX2: =SUMIFS('Account Data'!T:T,'Account Data'!$G:$G,A2) -> 921070278 | AY2: =SUMIFS('Account Data'!U:U,'Account Data'!$G:$G,A2) -> 916529701 | AZ2: =SUMIFS('Account Data'!J:J,'Account Data'!$G:$G,$A$2,'Account Data'!$D:$D,$AZ$12) -> 59207631 | BA2: =SUMIFS('Account Data'!K:K,'Account Data'!$G:$G,$A$2,'Account Data'!$D:$D,$AZ$12) -> 80000000 | BB2: =SUMIFS('Account Data'!L:L,'Account Data'!$G:$G,$A$2,'Account Data'!$D:$D,$AZ$12) -> 84000002 | BC2: =SUMIFS('Account Data'!M:M,'Account Data'!$G:$G,$A$2,'Account Data'!$D:$D,$AZ$12) -> 84000001 | BD2: =SUMIFS('Account Data'!N:N,'Account Data'!$G:$G,$A$2,'Account Data'!$D:$D,$AZ$12) -> 90999999 | BE2: =SUMIFS('Account Data'!O:O,'Account Data'!$G:$G,$A$2,'Account Data'!$D:$D,$AZ$12) -> 96804206 | BF2: =SUMIFS('Account Data'!P:P,'Account Data'!$G:$G,$A$2,'Account Data'!$D:$D,$AZ$12) -> 250000000 | BG2: =SUMIFS('Account Data'!Q:Q,'Account Data'!$G:$G,$A$2,'Account Data'!$D:$D,$AZ$12) -> 1299999999 | BH2: =SUMIFS('Account Data'!R:R,'Account Data'!$G:$G,$A$2,'Account Data'!$D:$D,$AZ$12) -> 91342191 | BI2: =SUMIFS('Account Data'!S:S,'Account Data'!$G:$G,$A$2,'Account Data'!$D:$D,$AZ$12) -> 133736699 | BJ2: =SUMIFS('Account Data'!T:T,'Account Data'!$G:$G,$A$2,'Account Data'!$D:$D,$AZ$12) -> 144427410 | BK2: =SUMIFS('Account Data'!U:U,'Account Data'!$G:$G,$A$2,'Account Data'!$D:$D,$AZ$12) -> 125094682 | BL2: =SUMIFS('Account Data'!V:V,'Account Data'!$G:$G,$A$2) -> 56000000 | BM2: =SUMIFS('Account Data'!W:W,'Account Data'!$G:$G,$A$2) -> 80000000 | BN2: =SUMIFS('Account Data'!X:X,'Account Data'!$G:$G,$A$2) -> 84000002 | BO2: =SUMIFS('Account Data'!Y:Y,'Account Data'!$G:$G,$A$2) -> 84000001 | BP2: =SUMIFS('Account Data'!Z:Z,'Account Data'!$G:$G,$A$2) -> 90999999 | BQ2: =SUMIFS('Account Data'!AA:AA,'Account Data'!$G:$G,$A$2) -> 96804206 | BR2: =SUMIFS('Account Data'!AB:AB,'Account Data'!$G:$G,$A$2) -> 250000000 | BS2: =SUMIFS('Account Data'!AC:AC,'Account Data'!O:O,$A$2) -> 0 | BT2: =SUMIFS('Account Data'!AD:AD,'Account Data'!P:P,$A$2) -> 0 | BU2: =SUMIFS('Account Data'!AE:AE,'Account Data'!Q:Q,$A$2) -> 0 | BV2: =SUMIFS('Account Data'!AF:AF,'Account Data'!R:R,$A$2) -> 0 | BW2: =SUMIFS('Account Data'!AG:AG,'Account Data'!S:S,$A$2) -> 0 | BX2: {=XLOOKUP($B:$B,Target!$C:$C,Target!D:D)} -> 80000000 | BY2: {=XLOOKUP($B:$B,Target!$C:$C,Target!E:E)} -> 82400000 | BZ2: {=XLOOKUP($B:$B,Target!$C:$C,Target!F:F)} -> 91464000 | CA2: {=XLOOKUP($B:$B,Target!$C:$C,Target!G:G)} -> 105183600 | CB2: {=XLOOKUP($B:$B,Target!$C:$C,Target!H:H)} -> 122012976 | CC2: {=XLOOKUP($B:$B,Target!$C:$C,Target!I:I)} -> 1.4519544e+08 | CD2: {=XLOOKUP($B:$B,Target!$C:$C,Target!J:J)} -> 1.7350855e+08 | CE2: {=XLOOKUP($B:$B,Target!$C:$C,Target!K:K)} -> 2.1168043e+08 | CF2: {=XLOOKUP($B:$B,Target!$C:$C,Target!L:L)} -> 2.6460054e+08 | CG2: {=XLOOKUP($B:$B,Target!$C:$C,Target!M:M)} -> 3.3154448e+08 | CH2: {=XLOOKUP($B:$B,Target!$C:$C,Target!N:N)} -> 4.6416227e+08 | CI2: {=XLOOKUP($B:$B,Target!$C:$C,Target!O:O)} -> 5.8020284e+08
A3: ='Account Manager Data'!A:A -> AM002 | B3: ='Account Manager Data'!B:B -> Dedi Kurniawan | C3: ='Account Manager Data'!C:C -> Kalimantan | D3: {=XLOOKUP($B:$B,Target!$C:$C,Target!Q:Q,0)} -> 55696074 | E3: {=XLOOKUP($B:$B,Target!$C:$C,Target!R:R,0)} -> 69620093 | F3: {=XLOOKUP($B:$B,Target!$C:$C,Target!S:S,0)} -> 83544111 | G3: {=XLOOKUP($B:$B,Target!$C:$C,Target!T:T,0)} -> 97468130 | H3: {=XLOOKUP($B:$B,Target!$C:$C,Target!U:U,0)} -> 1.1139215e+08 | I3: {=XLOOKUP($B:$B,Target!$C:$C,Target!V:V,0)} -> 125316167 | J3: {=XLOOKUP($B:$B,Target!$C:$C,Target!W:W,0)} -> 125316167 | K3: {=XLOOKUP($B:$B,Target!$C:$C,Target!X:X,0)} -> 125316167 | L3: {=XLOOKUP($B:$B,Target!$C:$C,Target!Y:Y,0)} -> 1.3924019e+08 | M3: {=XLOOKUP($B:$B,Target!$C:$C,Target!Z:Z,0)} -> 1.3924019e+08 | N3: {=XLOOKUP($B:$B,Target!$C:$C,Target!AA:AA,0)} -> 1.531642e+08 | O3: {=XLOOKUP($B:$B,Target!$C:$C,Target!AB:AB,0)} -> 1.6708822e+08 | P3: =D3*7 -> 3.8987252e+08 | Q3: =E3*7 -> 4.8734065e+08 | R3: =F3*7 -> 5.8480878e+08 | S3: =G3*7 -> 6.8227691e+08 | T3: =H3*7 -> 7.7974504e+08 | U3: =I3*7 -> 8.7721317e+08 | V3: =J3*7 -> 8.7721317e+08 | W3: =K3*7 -> 8.7721317e+08 | ... AA3: =O3*7 -> 1169617559 | AB3: =D3*1.5 -> 83544111 | AC3: =E3*1.5 -> 1.0443014e+08 | AD3: =F3*1.5 -> 125316167 | AE3: =G3*1.5 -> 1.4620219e+08 | AF3: =H3*1.5 -> 1.6708822e+08 | AG3: =I3*1.5 -> 1.8797425e+08 | AH3: =J3*1.5 -> 1.8797425e+08 | AI3: =K3*1.5 -> 1.8797425e+08 | ... AM3: =O3*1.5 -> 2.5063233e+08 | AN3: =SUMIFS('Account Data'!J:J,'Account Data'!$G:$G,A3) -> 364419602 | AO3: =SUMIFS('Account Data'!K:K,'Account Data'!$G:$G,A3) -> 477587529 | AP3: =SUMIFS('Account Data'!L:L,'Account Data'!$G:$G,A3) -> 472283828 | AQ3: =SUMIFS('Account Data'!M:M,'Account Data'!$G:$G,A3) -> 486958767 | AR3: =SUMIFS('Account Data'!N:N,'Account Data'!$G:$G,A3) -> 687236042 | AS3: =SUMIFS('Account Data'!O:O,'Account Data'!$G:$G,A3) -> 743969532 | AT3: =SUMIFS('Account Data'!P:P,'Account Data'!$G:$G,A3) -> 687371939 | AU3: =SUMIFS('Account Data'!Q:Q,'Account Data'!$G:$G,A3) -> 807399034 | AV3: =SUMIFS('Account Data'!R:R,'Account Data'!$G:$G,A3) -> 734954673 | AW3: =SUMIFS('Account Data'!S:S,'Account Data'!$G:$G,A3) -> 787302980 | AX3: =SUMIFS('Account Data'!T:T,'Account Data'!$G:$G,A3) -> 886058002 | AY3: =SUMIFS('Account Data'!U:U,'Account Data'!$G:$G,A3) -> 964107694 | AZ3: =SUMIFS('Account Data'!J:J,'Account Data'!$G:$G,$A$3,'Account Data'!$D:$D,$AZ$12) -> 49796719 | BA3: =SUMIFS('Account Data'!K:K,'Account Data'!$G:$G,$A$3,'Account Data'!$D:$D,$AZ$12) -> 59336250 | BB3: =SUMIFS('Account Data'!L:L,'Account Data'!$G:$G,$A$3,'Account Data'!$D:$D,$AZ$12) -> 59103818 | BC3: =SUMIFS('Account Data'!M:M,'Account Data'!$G:$G,$A$3,'Account Data'!$D:$D,$AZ$12) -> 60635737 | BD3: =SUMIFS('Account Data'!N:N,'Account Data'!$G:$G,$A$3,'Account Data'!$D:$D,$AZ$12) -> 68593559 | BE3: =SUMIFS('Account Data'!O:O,'Account Data'!$G:$G,$A$3,'Account Data'!$D:$D,$AZ$12) -> 87139794 | BF3: =SUMIFS('Account Data'!P:P,'Account Data'!$G:$G,$A$3,'Account Data'!$D:$D,$AZ$12) -> 101419150 | BG3: =SUMIFS('Account Data'!Q:Q,'Account Data'!$G:$G,$A$3,'Account Data'!$D:$D,$AZ$12) -> 100225744 | BH3: =SUMIFS('Account Data'!R:R,'Account Data'!$G:$G,$A$3,'Account Data'!$D:$D,$AZ$12) -> 107426383 | BI3: =SUMIFS('Account Data'!S:S,'Account Data'!$G:$G,$A$3,'Account Data'!$D:$D,$AZ$12) -> 112193268 | BJ3: =SUMIFS('Account Data'!T:T,'Account Data'!$G:$G,$A$3,'Account Data'!$D:$D,$AZ$12) -> 100474215 | BK3: =SUMIFS('Account Data'!U:U,'Account Data'!$G:$G,$A$3,'Account Data'!$D:$D,$AZ$12) -> 81154634 | BL3: =SUMIFS('Account Data'!V:V,'Account Data'!$G:$G,$A$3) -> 83544111 | BM3: =SUMIFS('Account Data'!W:W,'Account Data'!$G:$G,$A$3) -> 83544111 | BN3: =SUMIFS('Account Data'!X:X,'Account Data'!$G:$G,$A$3) -> 1.6708822e+08 | BO3: =SUMIFS('Account Data'!Y:Y,'Account Data'!$G:$G,$A$3) -> 1.3645538e+08 | BP3: =SUMIFS('Account Data'!Z:Z,'Account Data'!$G:$G,$A$3) -> 1.2253136e+08 | BQ3: =SUMIFS('Account Data'!AA:AA,'Account Data'!$G:$G,$A$3) -> 3.1329042e+08 | BR3: =SUMIFS('Account Data'!AB:AB,'Account Data'!$G:$G,$A$3) -> 2.8822718e+08 | BS3: =SUMIFS('Account Data'!AC:AC,'Account Data'!O:O,$A$3) -> 0 | BT3: =SUMIFS('Account Data'!AD:AD,'Account Data'!P:P,$A$3) -> 0 | BU3: =SUMIFS('Account Data'!AE:AE,'Account Data'!Q:Q,$A$3) -> 0 | BV3: =SUMIFS('Account Data'!AF:AF,'Account Data'!R:R,$A$3) -> 0 | BW3: =SUMIFS('Account Data'!AG:AG,'Account Data'!S:S,$A$3) -> 0 | BX3: {=XLOOKUP($B:$B,Target!$C:$C,Target!D:D)} -> 50000000 | BY3: {=XLOOKUP($B:$B,Target!$C:$C,Target!E:E)} -> 51500000 | BZ3: {=XLOOKUP($B:$B,Target!$C:$C,Target!F:F)} -> 55620000 | CA3: {=XLOOKUP($B:$B,Target!$C:$C,Target!G:G)} -> 61182000 | CB3: {=XLOOKUP($B:$B,Target!$C:$C,Target!H:H)} -> 68523840 | CC3: {=XLOOKUP($B:$B,Target!$C:$C,Target!I:I)} -> 78802416 | CD3: {=XLOOKUP($B:$B,Target!$C:$C,Target!J:J)} -> 94168887 | CE3: {=XLOOKUP($B:$B,Target!$C:$C,Target!K:K)} -> 1.1394435e+08 | CF3: {=XLOOKUP($B:$B,Target!$C:$C,Target!L:L)} -> 1.3901211e+08 | CG3: {=XLOOKUP($B:$B,Target!$C:$C,Target!M:M)} -> 1.7237502e+08 | CH3: {=XLOOKUP($B:$B,Target!$C:$C,Target!N:N)} -> 2.1495165e+08 | CI3: {=XLOOKUP($B:$B,Target!$C:$C,Target!O:O)} -> 2.6868956e+08
A4: ='Account Manager Data'!A:A -> AM003 | B4: ='Account Manager Data'!B:B -> Ahmad Fauzi | C4: ='Account Manager Data'!C:C -> Sumatera | D4: {=XLOOKUP($B:$B,Target!$C:$C,Target!Q:Q,0)} -> 55696074 | E4: {=XLOOKUP($B:$B,Target!$C:$C,Target!R:R,0)} -> 69620093 | F4: {=XLOOKUP($B:$B,Target!$C:$C,Target!S:S,0)} -> 83544111 | G4: {=XLOOKUP($B:$B,Target!$C:$C,Target!T:T,0)} -> 97468130 | H4: {=XLOOKUP($B:$B,Target!$C:$C,Target!U:U,0)} -> 1.1139215e+08 | I4: {=XLOOKUP($B:$B,Target!$C:$C,Target!V:V,0)} -> 125316167 | J4: {=XLOOKUP($B:$B,Target!$C:$C,Target!W:W,0)} -> 125316167 | K4: {=XLOOKUP($B:$B,Target!$C:$C,Target!X:X,0)} -> 125316167 | L4: {=XLOOKUP($B:$B,Target!$C:$C,Target!Y:Y,0)} -> 1.3924019e+08 | M4: {=XLOOKUP($B:$B,Target!$C:$C,Target!Z:Z,0)} -> 1.3924019e+08 | N4: {=XLOOKUP($B:$B,Target!$C:$C,Target!AA:AA,0)} -> 1.531642e+08 | O4: {=XLOOKUP($B:$B,Target!$C:$C,Target!AB:AB,0)} -> 1.6708822e+08 | P4: =D4*7 -> 3.8987252e+08 | Q4: =E4*7 -> 4.8734065e+08 | R4: =F4*7 -> 5.8480878e+08 | S4: =G4*7 -> 6.8227691e+08 | T4: =H4*7 -> 7.7974504e+08 | U4: =I4*7 -> 8.7721317e+08 | V4: =J4*7 -> 8.7721317e+08 | W4: =K4*7 -> 8.7721317e+08 | ... AA4: =O4*7 -> 1169617559 | AB4: =D4*1.5 -> 83544111 | AC4: =E4*1.5 -> 1.0443014e+08 | AD4: =F4*1.5 -> 125316167 | AE4: =G4*1.5 -> 1.4620219e+08 | AF4: =H4*1.5 -> 1.6708822e+08 | AG4: =I4*1.5 -> 1.8797425e+08 | AH4: =J4*1.5 -> 1.8797425e+08 | AI4: =K4*1.5 -> 1.8797425e+08 | ... AM4: =O4*1.5 -> 2.5063233e+08 | AN4: =SUMIFS('Account Data'!J:J,'Account Data'!$G:$G,A4) -> 390541904 | AO4: =SUMIFS('Account Data'!K:K,'Account Data'!$G:$G,A4) -> 478011712 | AP4: =SUMIFS('Account Data'!L:L,'Account Data'!$G:$G,A4) -> 526879357 | AQ4: =SUMIFS('Account Data'!M:M,'Account Data'!$G:$G,A4) -> 574481493 | AR4: =SUMIFS('Account Data'!N:N,'Account Data'!$G:$G,A4) -> 682448173 | AS4: =SUMIFS('Account Data'!O:O,'Account Data'!$G:$G,A4) -> 690884020 | AT4: =SUMIFS('Account Data'!P:P,'Account Data'!$G:$G,A4) -> 774725887 | AU4: =SUMIFS('Account Data'!Q:Q,'Account Data'!$G:$G,A4) -> 754080498 | AV4: =SUMIFS('Account Data'!R:R,'Account Data'!$G:$G,A4) -> 728574711 | AW4: =SUMIFS('Account Data'!S:S,'Account Data'!$G:$G,A4) -> 739033796 | AX4: =SUMIFS('Account Data'!T:T,'Account Data'!$G:$G,A4) -> 963429937 | AY4: =SUMIFS('Account Data'!U:U,'Account Data'!$G:$G,A4) -> 801699641 | AZ4: =SUMIFS('Account Data'!J:J,'Account Data'!$G:$G,$A$4,'Account Data'!$D:$D,$AZ$12) -> 47039910 | BA4: =SUMIFS('Account Data'!K:K,'Account Data'!$G:$G,$A$4,'Account Data'!$D:$D,$AZ$12) -> 65839112 | BB4: =SUMIFS('Account Data'!L:L,'Account Data'!$G:$G,$A$4,'Account Data'!$D:$D,$AZ$12) -> 86285680 | BC4: =SUMIFS('Account Data'!M:M,'Account Data'!$G:$G,$A$4,'Account Data'!$D:$D,$AZ$12) -> 74502108 | BD4: =SUMIFS('Account Data'!N:N,'Account Data'!$G:$G,$A$4,'Account Data'!$D:$D,$AZ$12) -> 109253328 | BE4: =SUMIFS('Account Data'!O:O,'Account Data'!$G:$G,$A$4,'Account Data'!$D:$D,$AZ$12) -> 110495781 | BF4: =SUMIFS('Account Data'!P:P,'Account Data'!$G:$G,$A$4,'Account Data'!$D:$D,$AZ$12) -> 118038759 | BG4: =SUMIFS('Account Data'!Q:Q,'Account Data'!$G:$G,$A$4,'Account Data'!$D:$D,$AZ$12) -> 101088575 | BH4: =SUMIFS('Account Data'!R:R,'Account Data'!$G:$G,$A$4,'Account Data'!$D:$D,$AZ$12) -> 140974765 | BI4: =SUMIFS('Account Data'!S:S,'Account Data'!$G:$G,$A$4,'Account Data'!$D:$D,$AZ$12) -> 103071591 | BJ4: =SUMIFS('Account Data'!T:T,'Account Data'!$G:$G,$A$4,'Account Data'!$D:$D,$AZ$12) -> 140188940 | BK4: =SUMIFS('Account Data'!U:U,'Account Data'!$G:$G,$A$4,'Account Data'!$D:$D,$AZ$12) -> 108978530 | BL4: =SUMIFS('Account Data'!V:V,'Account Data'!$G:$G,$A$4) -> 83544111 | BM4: =SUMIFS('Account Data'!W:W,'Account Data'!$G:$G,$A$4) -> 83544111 | BN4: =SUMIFS('Account Data'!X:X,'Account Data'!$G:$G,$A$4) -> 1.6708822e+08 | BO4: =SUMIFS('Account Data'!Y:Y,'Account Data'!$G:$G,$A$4) -> 1.3645538e+08 | BP4: =SUMIFS('Account Data'!Z:Z,'Account Data'!$G:$G,$A$4) -> 1.2253136e+08 | BQ4: =SUMIFS('Account Data'!AA:AA,'Account Data'!$G:$G,$A$4) -> 3.1329042e+08 | BR4: =SUMIFS('Account Data'!AB:AB,'Account Data'!$G:$G,$A$4) -> 2.8822718e+08 | BS4: =SUMIFS('Account Data'!AC:AC,'Account Data'!O:O,$A$4) -> 0 | BT4: =SUMIFS('Account Data'!AD:AD,'Account Data'!P:P,$A$4) -> 0 | BU4: =SUMIFS('Account Data'!AE:AE,'Account Data'!Q:Q,$A$4) -> 0 | BV4: =SUMIFS('Account Data'!AF:AF,'Account Data'!R:R,$A$4) -> 0 | BW4: =SUMIFS('Account Data'!AG:AG,'Account Data'!S:S,$A$4) -> 0 | BX4: {=XLOOKUP($B:$B,Target!$C:$C,Target!D:D)} -> 45000000 | BY4: {=XLOOKUP($B:$B,Target!$C:$C,Target!E:E)} -> 46350000 | BZ4: {=XLOOKUP($B:$B,Target!$C:$C,Target!F:F)} -> 48667500 | CA4: {=XLOOKUP($B:$B,Target!$C:$C,Target!G:G)} -> 52074225 | CB4: {=XLOOKUP($B:$B,Target!$C:$C,Target!H:H)} -> 56240163 | CC4: {=XLOOKUP($B:$B,Target!$C:$C,Target!I:I)} -> 61864179 | CD4: {=XLOOKUP($B:$B,Target!$C:$C,Target!J:J)} -> 68978560 | CE4: {=XLOOKUP($B:$B,Target!$C:$C,Target!K:K)} -> 77255987 | CF4: {=XLOOKUP($B:$B,Target!$C:$C,Target!L:L)} -> 88844385 | CG4: {=XLOOKUP($B:$B,Target!$C:$C,Target!M:M)} -> 1.0305949e+08 | CH4: {=XLOOKUP($B:$B,Target!$C:$C,Target!N:N)} -> 121094897 | CI4: {=XLOOKUP($B:$B,Target!$C:$C,Target!O:O)} -> 1.4410293e+08
A5: ='Account Manager Data'!A:A -> AM004 | B5: ='Account Manager Data'!B:B -> Eko Prasetyo | C5: ='Account Manager Data'!C:C -> Papua | D5: {=XLOOKUP($B:$B,Target!$C:$C,Target!Q:Q,0)} -> 55696074 | E5: {=XLOOKUP($B:$B,Target!$C:$C,Target!R:R,0)} -> 69620093 | F5: {=XLOOKUP($B:$B,Target!$C:$C,Target!S:S,0)} -> 83544111 | G5: {=XLOOKUP($B:$B,Target!$C:$C,Target!T:T,0)} -> 97468130 | H5: {=XLOOKUP($B:$B,Target!$C:$C,Target!U:U,0)} -> 1.1139215e+08 | I5: {=XLOOKUP($B:$B,Target!$C:$C,Target!V:V,0)} -> 125316167 | J5: {=XLOOKUP($B:$B,Target!$C:$C,Target!W:W,0)} -> 125316167 | K5: {=XLOOKUP($B:$B,Target!$C:$C,Target!X:X,0)} -> 125316167 | L5: {=XLOOKUP($B:$B,Target!$C:$C,Target!Y:Y,0)} -> 1.3924019e+08 | M5: {=XLOOKUP($B:$B,Target!$C:$C,Target!Z:Z,0)} -> 1.3924019e+08 | N5: {=XLOOKUP($B:$B,Target!$C:$C,Target!AA:AA,0)} -> 1.531642e+08 | O5: {=XLOOKUP($B:$B,Target!$C:$C,Target!AB:AB,0)} -> 1.6708822e+08 | P5: =D5*7 -> 3.8987252e+08 | Q5: =E5*7 -> 4.8734065e+08 | R5: =F5*7 -> 5.8480878e+08 | S5: =G5*7 -> 6.8227691e+08 | T5: =H5*7 -> 7.7974504e+08 | U5: =I5*7 -> 8.7721317e+08 | V5: =J5*7 -> 8.7721317e+08 | W5: =K5*7 -> 8.7721317e+08 | ... AA5: =O5*7 -> 1169617559 | AB5: =D5*1.5 -> 83544111 | AC5: =E5*1.5 -> 1.0443014e+08 | AD5: =F5*1.5 -> 125316167 | AE5: =G5*1.5 -> 1.4620219e+08 | AF5: =H5*1.5 -> 1.6708822e+08 | AG5: =I5*1.5 -> 1.8797425e+08 | AH5: =J5*1.5 -> 1.8797425e+08 | AI5: =K5*1.5 -> 1.8797425e+08 | ... AM5: =O5*1.5 -> 2.5063233e+08 | AN5: =SUMIFS('Account Data'!J:J,'Account Data'!$G:$G,A5) -> 428435099 | AO5: =SUMIFS('Account Data'!K:K,'Account Data'!$G:$G,A5) -> 389813358 | AP5: =SUMIFS('Account Data'!L:L,'Account Data'!$G:$G,A5) -> 472892993 | AQ5: =SUMIFS('Account Data'!M:M,'Account Data'!$G:$G,A5) -> 550238775 | AR5: =SUMIFS('Account Data'!N:N,'Account Data'!$G:$G,A5) -> 663118122 | AS5: =SUMIFS('Account Data'!O:O,'Account Data'!$G:$G,A5) -> 647502363 | AT5: =SUMIFS('Account Data'!P:P,'Account Data'!$G:$G,A5) -> 751679515 | AU5: =SUMIFS('Account Data'!Q:Q,'Account Data'!$G:$G,A5) -> 661143688 | AV5: =SUMIFS('Account Data'!R:R,'Account Data'!$G:$G,A5) -> 797704852 | AW5: =SUMIFS('Account Data'!S:S,'Account Data'!$G:$G,A5) -> 828922209 | AX5: =SUMIFS('Account Data'!T:T,'Account Data'!$G:$G,A5) -> 916570667 | AY5: =SUMIFS('Account Data'!U:U,'Account Data'!$G:$G,A5) -> 869637475 | AZ5: =SUMIFS('Account Data'!J:J,'Account Data'!$G:$G,$A$5,'Account Data'!$D:$D,$AZ$12) -> 50517356 | BA5: =SUMIFS('Account Data'!K:K,'Account Data'!$G:$G,$A$5,'Account Data'!$D:$D,$AZ$12) -> 43018322 | BB5: =SUMIFS('Account Data'!L:L,'Account Data'!$G:$G,$A$5,'Account Data'!$D:$D,$AZ$12) -> 45126071 | BC5: =SUMIFS('Account Data'!M:M,'Account Data'!$G:$G,$A$5,'Account Data'!$D:$D,$AZ$12) -> 62395533 | BD5: =SUMIFS('Account Data'!N:N,'Account Data'!$G:$G,$A$5,'Account Data'!$D:$D,$AZ$12) -> 62051907 | BE5: =SUMIFS('Account Data'!O:O,'Account Data'!$G:$G,$A$5,'Account Data'!$D:$D,$AZ$12) -> 91221984 | BF5: =SUMIFS('Account Data'!P:P,'Account Data'!$G:$G,$A$5,'Account Data'!$D:$D,$AZ$12) -> 104036344 | BG5: =SUMIFS('Account Data'!Q:Q,'Account Data'!$G:$G,$A$5,'Account Data'!$D:$D,$AZ$12) -> 67109938 | BH5: =SUMIFS('Account Data'!R:R,'Account Data'!$G:$G,$A$5,'Account Data'!$D:$D,$AZ$12) -> 95132889 | BI5: =SUMIFS('Account Data'!S:S,'Account Data'!$G:$G,$A$5,'Account Data'!$D:$D,$AZ$12) -> 81109500 | BJ5: =SUMIFS('Account Data'!T:T,'Account Data'!$G:$G,$A$5,'Account Data'!$D:$D,$AZ$12) -> 99402796 | BK5: =SUMIFS('Account Data'!U:U,'Account Data'!$G:$G,$A$5,'Account Data'!$D:$D,$AZ$12) -> 83239006 | BL5: =SUMIFS('Account Data'!V:V,'Account Data'!$G:$G,$A$5) -> 83544111 | BM5: =SUMIFS('Account Data'!W:W,'Account Data'!$G:$G,$A$5) -> 83544111 | BN5: =SUMIFS('Account Data'!X:X,'Account Data'!$G:$G,$A$5) -> 1.6708822e+08 | BO5: =SUMIFS('Account Data'!Y:Y,'Account Data'!$G:$G,$A$5) -> 1.3645538e+08 | BP5: =SUMIFS('Account Data'!Z:Z,'Account Data'!$G:$G,$A$5) -> 1.2253136e+08 | BQ5: =SUMIFS('Account Data'!AA:AA,'Account Data'!$G:$G,$A$5) -> 3.1329042e+08 | BR5: =SUMIFS('Account Data'!AB:AB,'Account Data'!$G:$G,$A$5) -> 2.8822718e+08 | BS5: =SUMIFS('Account Data'!AC:AC,'Account Data'!O:O,$A$5) -> 0 | BT5: =SUMIFS('Account Data'!AD:AD,'Account Data'!P:P,$A$5) -> 0 | BU5: =SUMIFS('Account Data'!AE:AE,'Account Data'!Q:Q,$A$5) -> 0 | BV5: =SUMIFS('Account Data'!AF:AF,'Account Data'!R:R,$A$5) -> 0 | BW5: =SUMIFS('Account Data'!AG:AG,'Account Data'!S:S,$A$5) -> 0 | BX5: {=XLOOKUP($B:$B,Target!$C:$C,Target!D:D)} -> 60000000 | BY5: {=XLOOKUP($B:$B,Target!$C:$C,Target!E:E)} -> 66000000 | BZ5: {=XLOOKUP($B:$B,Target!$C:$C,Target!F:F)} -> 76560000 | CA5: {=XLOOKUP($B:$B,Target!$C:$C,Target!G:G)} -> 89575200 | CB5: {=XLOOKUP($B:$B,Target!$C:$C,Target!H:H)} -> 104355108 | CC5: {=XLOOKUP($B:$B,Target!$C:$C,Target!I:I)} -> 1.2418258e+08 | CD5: {=XLOOKUP($B:$B,Target!$C:$C,Target!J:J)} -> 1.4653544e+08 | CE5: {=XLOOKUP($B:$B,Target!$C:$C,Target!K:K)} -> 175109854 | CF5: {=XLOOKUP($B:$B,Target!$C:$C,Target!L:L)} -> 2.1013182e+08 | CG5: {=XLOOKUP($B:$B,Target!$C:$C,Target!M:M)} -> 2.5636083e+08 | CH5: {=XLOOKUP($B:$B,Target!$C:$C,Target!N:N)} -> 2.8584232e+08 | CI5: {=XLOOKUP($B:$B,Target!$C:$C,Target!O:O)} -> 3.7159502e+08
A6: ='Account Manager Data'!A:A -> AM005 | B6: ='Account Manager Data'!B:B -> Fajar Ramadhan | C6: ='Account Manager Data'!C:C -> Sulawesi | D6: {=XLOOKUP($B:$B,Target!$C:$C,Target!Q:Q,0)} -> 55696074 | E6: {=XLOOKUP($B:$B,Target!$C:$C,Target!R:R,0)} -> 69620093 | F6: {=XLOOKUP($B:$B,Target!$C:$C,Target!S:S,0)} -> 83544111 | G6: {=XLOOKUP($B:$B,Target!$C:$C,Target!T:T,0)} -> 97468130 | H6: {=XLOOKUP($B:$B,Target!$C:$C,Target!U:U,0)} -> 1.1139215e+08 | I6: {=XLOOKUP($B:$B,Target!$C:$C,Target!V:V,0)} -> 125316167 | J6: {=XLOOKUP($B:$B,Target!$C:$C,Target!W:W,0)} -> 125316167 | K6: {=XLOOKUP($B:$B,Target!$C:$C,Target!X:X,0)} -> 125316167 | L6: {=XLOOKUP($B:$B,Target!$C:$C,Target!Y:Y,0)} -> 1.3924019e+08 | M6: {=XLOOKUP($B:$B,Target!$C:$C,Target!Z:Z,0)} -> 1.3924019e+08 | N6: {=XLOOKUP($B:$B,Target!$C:$C,Target!AA:AA,0)} -> 1.531642e+08 | O6: {=XLOOKUP($B:$B,Target!$C:$C,Target!AB:AB,0)} -> 1.6708822e+08 | P6: =D6*7 -> 3.8987252e+08 | Q6: =E6*7 -> 4.8734065e+08 | R6: =F6*7 -> 5.8480878e+08 | S6: =G6*7 -> 6.8227691e+08 | T6: =H6*7 -> 7.7974504e+08 | U6: =I6*7 -> 8.7721317e+08 | V6: =J6*7 -> 8.7721317e+08 | W6: =K6*7 -> 8.7721317e+08 | ... AA6: =O6*7 -> 1169617559 | AB6: =D6*1.5 -> 83544111 | AC6: =E6*1.5 -> 1.0443014e+08 | AD6: =F6*1.5 -> 125316167 | AE6: =G6*1.5 -> 1.4620219e+08 | AF6: =H6*1.5 -> 1.6708822e+08 | AG6: =I6*1.5 -> 1.8797425e+08 | AH6: =J6*1.5 -> 1.8797425e+08 | AI6: =K6*1.5 -> 1.8797425e+08 | ... AM6: =O6*1.5 -> 2.5063233e+08 | AN6: =SUMIFS('Account Data'!J:J,'Account Data'!$G:$G,A6) -> 389342084 | AO6: =SUMIFS('Account Data'!K:K,'Account Data'!$G:$G,A6) -> 494961811 | AP6: =SUMIFS('Account Data'!L:L,'Account Data'!$G:$G,A6) -> 545959786 | AQ6: =SUMIFS('Account Data'!M:M,'Account Data'!$G:$G,A6) -> 573539619 | AR6: =SUMIFS('Account Data'!N:N,'Account Data'!$G:$G,A6) -> 688941561 | AS6: =SUMIFS('Account Data'!O:O,'Account Data'!$G:$G,A6) -> 693020048 | AT6: =SUMIFS('Account Data'!P:P,'Account Data'!$G:$G,A6) -> 747536635 | AU6: =SUMIFS('Account Data'!Q:Q,'Account Data'!$G:$G,A6) -> 745831519 | AV6: =SUMIFS('Account Data'!R:R,'Account Data'!$G:$G,A6) -> 724222162 | AW6: =SUMIFS('Account Data'!S:S,'Account Data'!$G:$G,A6) -> 760770003 | AX6: =SUMIFS('Account Data'!T:T,'Account Data'!$G:$G,A6) -> 901998789 | AY6: =SUMIFS('Account Data'!U:U,'Account Data'!$G:$G,A6) -> 864131072 | AZ6: =SUMIFS('Account Data'!J:J,'Account Data'!$G:$G,$A$6,'Account Data'!$D:$D,$AZ$12) -> 60355522 | BA6: =SUMIFS('Account Data'!K:K,'Account Data'!$G:$G,$A$6,'Account Data'!$D:$D,$AZ$12) -> 77742902 | BB6: =SUMIFS('Account Data'!L:L,'Account Data'!$G:$G,$A$6,'Account Data'!$D:$D,$AZ$12) -> 83346384 | BC6: =SUMIFS('Account Data'!M:M,'Account Data'!$G:$G,$A$6,'Account Data'!$D:$D,$AZ$12) -> 80313087 | BD6: =SUMIFS('Account Data'!N:N,'Account Data'!$G:$G,$A$6,'Account Data'!$D:$D,$AZ$12) -> 130612671 | BE6: =SUMIFS('Account Data'!O:O,'Account Data'!$G:$G,$A$6,'Account Data'!$D:$D,$AZ$12) -> 135821356 | BF6: =SUMIFS('Account Data'!P:P,'Account Data'!$G:$G,$A$6,'Account Data'!$D:$D,$AZ$12) -> 144677997 | BG6: =SUMIFS('Account Data'!Q:Q,'Account Data'!$G:$G,$A$6,'Account Data'!$D:$D,$AZ$12) -> 136639085 | BH6: =SUMIFS('Account Data'!R:R,'Account Data'!$G:$G,$A$6,'Account Data'!$D:$D,$AZ$12) -> 132751214 | BI6: =SUMIFS('Account Data'!S:S,'Account Data'!$G:$G,$A$6,'Account Data'!$D:$D,$AZ$12) -> 137190488 | BJ6: =SUMIFS('Account Data'!T:T,'Account Data'!$G:$G,$A$6,'Account Data'!$D:$D,$AZ$12) -> 125710542 | BK6: =SUMIFS('Account Data'!U:U,'Account Data'!$G:$G,$A$6,'Account Data'!$D:$D,$AZ$12) -> 117261133 | BL6: =SUMIFS('Account Data'!V:V,'Account Data'!$G:$G,$A$6) -> 83544111 | BM6: =SUMIFS('Account Data'!W:W,'Account Data'!$G:$G,$A$6) -> 83544111 | BN6: =SUMIFS('Account Data'!X:X,'Account Data'!$G:$G,$A$6) -> 1.6708822e+08 | BO6: =SUMIFS('Account Data'!Y:Y,'Account Data'!$G:$G,$A$6) -> 1.3645538e+08 | BP6: =SUMIFS('Account Data'!Z:Z,'Account Data'!$G:$G,$A$6) -> 1.2253136e+08 | BQ6: =SUMIFS('Account Data'!AA:AA,'Account Data'!$G:$G,$A$6) -> 3.1329042e+08 | BR6: =SUMIFS('Account Data'!AB:AB,'Account Data'!$G:$G,$A$6) -> 2.8822718e+08 | BS6: =SUMIFS('Account Data'!AC:AC,'Account Data'!O:O,$A$6) -> 0 | BT6: =SUMIFS('Account Data'!AD:AD,'Account Data'!P:P,$A$6) -> 0 | BU6: =SUMIFS('Account Data'!AE:AE,'Account Data'!Q:Q,$A$6) -> 0 | BV6: =SUMIFS('Account Data'!AF:AF,'Account Data'!R:R,$A$6) -> 0 | BW6: =SUMIFS('Account Data'!AG:AG,'Account Data'!S:S,$A$6) -> 0 | BX6: {=XLOOKUP($B:$B,Target!$C:$C,Target!D:D)} -> 40000000 | BY6: {=XLOOKUP($B:$B,Target!$C:$C,Target!E:E)} -> 43600000 | BZ6: {=XLOOKUP($B:$B,Target!$C:$C,Target!F:F)} -> 48396000 | CA6: {=XLOOKUP($B:$B,Target!$C:$C,Target!G:G)} -> 54203520 | CB6: {=XLOOKUP($B:$B,Target!$C:$C,Target!H:H)} -> 61249978 | CC6: {=XLOOKUP($B:$B,Target!$C:$C,Target!I:I)} -> 69824974 | CD6: {=XLOOKUP($B:$B,Target!$C:$C,Target!J:J)} -> 80298721 | CE6: {=XLOOKUP($B:$B,Target!$C:$C,Target!K:K)} -> 93146516 | CF6: {=XLOOKUP($B:$B,Target!$C:$C,Target!L:L)} -> 1.0991289e+08 | CG6: {=XLOOKUP($B:$B,Target!$C:$C,Target!M:M)} -> 1.3189547e+08 | CH6: {=XLOOKUP($B:$B,Target!$C:$C,Target!N:N)} -> 1.5893404e+08 | CI6: {=XLOOKUP($B:$B,Target!$C:$C,Target!O:O)} -> 1.9072084e+08
A7: ='Account Manager Data'!A:A -> AM006 | B7: ='Account Manager Data'!B:B -> Hendra Gunawan | C7: ='Account Manager Data'!C:C -> Kalimantan | D7: {=XLOOKUP($B:$B,Target!$C:$C,Target!Q:Q,0)} -> 55696074 | E7: {=XLOOKUP($B:$B,Target!$C:$C,Target!R:R,0)} -> 69620093 | F7: {=XLOOKUP($B:$B,Target!$C:$C,Target!S:S,0)} -> 83544111 | G7: {=XLOOKUP($B:$B,Target!$C:$C,Target!T:T,0)} -> 97468130 | H7: {=XLOOKUP($B:$B,Target!$C:$C,Target!U:U,0)} -> 1.1139215e+08 | I7: {=XLOOKUP($B:$B,Target!$C:$C,Target!V:V,0)} -> 125316167 | J7: {=XLOOKUP($B:$B,Target!$C:$C,Target!W:W,0)} -> 125316167 | K7: {=XLOOKUP($B:$B,Target!$C:$C,Target!X:X,0)} -> 125316167 | L7: {=XLOOKUP($B:$B,Target!$C:$C,Target!Y:Y,0)} -> 1.3924019e+08 | M7: {=XLOOKUP($B:$B,Target!$C:$C,Target!Z:Z,0)} -> 1.3924019e+08 | N7: {=XLOOKUP($B:$B,Target!$C:$C,Target!AA:AA,0)} -> 1.531642e+08 | O7: {=XLOOKUP($B:$B,Target!$C:$C,Target!AB:AB,0)} -> 1.6708822e+08 | P7: =D7*7 -> 3.8987252e+08 | Q7: =E7*7 -> 4.8734065e+08 | R7: =F7*7 -> 5.8480878e+08 | S7: =G7*7 -> 6.8227691e+08 | T7: =H7*7 -> 7.7974504e+08 | U7: =I7*7 -> 8.7721317e+08 | V7: =J7*7 -> 8.7721317e+08 | W7: =K7*7 -> 8.7721317e+08 | ... AA7: =O7*7 -> 1169617559 | AB7: =D7*1.5 -> 83544111 | AC7: =E7*1.5 -> 1.0443014e+08 | AD7: =F7*1.5 -> 125316167 | AE7: =G7*1.5 -> 1.4620219e+08 | AF7: =H7*1.5 -> 1.6708822e+08 | AG7: =I7*1.5 -> 1.8797425e+08 | AH7: =J7*1.5 -> 1.8797425e+08 | AI7: =K7*1.5 -> 1.8797425e+08 | ... AM7: =O7*1.5 -> 2.5063233e+08 | AN7: =SUMIFS('Account Data'!J:J,'Account Data'!$G:$G,A7) -> 391792058 | AO7: =SUMIFS('Account Data'!K:K,'Account Data'!$G:$G,A7) -> 442697482 | AP7: =SUMIFS('Account Data'!L:L,'Account Data'!$G:$G,A7) -> 540826156 | AQ7: =SUMIFS('Account Data'!M:M,'Account Data'!$G:$G,A7) -> 584428672 | AR7: =SUMIFS('Account Data'!N:N,'Account Data'!$G:$G,A7) -> 742668814 | AS7: =SUMIFS('Account Data'!O:O,'Account Data'!$G:$G,A7) -> 739895395 | AT7: =SUMIFS('Account Data'!P:P,'Account Data'!$G:$G,A7) -> 774563689 | AU7: =SUMIFS('Account Data'!Q:Q,'Account Data'!$G:$G,A7) -> 865655972 | AV7: =SUMIFS('Account Data'!R:R,'Account Data'!$G:$G,A7) -> 848661144 | AW7: =SUMIFS('Account Data'!S:S,'Account Data'!$G:$G,A7) -> 796457633 | AX7: =SUMIFS('Account Data'!T:T,'Account Data'!$G:$G,A7) -> 955793954 | AY7: =SUMIFS('Account Data'!U:U,'Account Data'!$G:$G,A7) -> 823708521 | AZ7: =SUMIFS('Account Data'!J:J,'Account Data'!$G:$G,$A$7,'Account Data'!$D:$D,$AZ$12) -> 45952404 | BA7: =SUMIFS('Account Data'!K:K,'Account Data'!$G:$G,$A$7,'Account Data'!$D:$D,$AZ$12) -> 60735667 | BB7: =SUMIFS('Account Data'!L:L,'Account Data'!$G:$G,$A$7,'Account Data'!$D:$D,$AZ$12) -> 76802989 | BC7: =SUMIFS('Account Data'!M:M,'Account Data'!$G:$G,$A$7,'Account Data'!$D:$D,$AZ$12) -> 71965429 | BD7: =SUMIFS('Account Data'!N:N,'Account Data'!$G:$G,$A$7,'Account Data'!$D:$D,$AZ$12) -> 93466230 | BE7: =SUMIFS('Account Data'!O:O,'Account Data'!$G:$G,$A$7,'Account Data'!$D:$D,$AZ$12) -> 96312478 | BF7: =SUMIFS('Account Data'!P:P,'Account Data'!$G:$G,$A$7,'Account Data'!$D:$D,$AZ$12) -> 77355907 | BG7: =SUMIFS('Account Data'!Q:Q,'Account Data'!$G:$G,$A$7,'Account Data'!$D:$D,$AZ$12) -> 143355885 | BH7: =SUMIFS('Account Data'!R:R,'Account Data'!$G:$G,$A$7,'Account Data'!$D:$D,$AZ$12) -> 117966127 | BI7: =SUMIFS('Account Data'!S:S,'Account Data'!$G:$G,$A$7,'Account Data'!$D:$D,$AZ$12) -> 100526918 | BJ7: =SUMIFS('Account Data'!T:T,'Account Data'!$G:$G,$A$7,'Account Data'!$D:$D,$AZ$12) -> 134298701 | BK7: =SUMIFS('Account Data'!U:U,'Account Data'!$G:$G,$A$7,'Account Data'!$D:$D,$AZ$12) -> 104072944 | BL7: =SUMIFS('Account Data'!V:V,'Account Data'!$G:$G,$A$7) -> 83544111 | BM7: =SUMIFS('Account Data'!W:W,'Account Data'!$G:$G,$A$7) -> 83544111 | BN7: =SUMIFS('Account Data'!X:X,'Account Data'!$G:$G,$A$7) -> 1.6708822e+08 | BO7: =SUMIFS('Account Data'!Y:Y,'Account Data'!$G:$G,$A$7) -> 1.3645538e+08 | BP7: =SUMIFS('Account Data'!Z:Z,'Account Data'!$G:$G,$A$7) -> 1.2253136e+08 | BQ7: =SUMIFS('Account Data'!AA:AA,'Account Data'!$G:$G,$A$7) -> 3.1329042e+08 | BR7: =SUMIFS('Account Data'!AB:AB,'Account Data'!$G:$G,$A$7) -> 2.8822718e+08 | BS7: =SUMIFS('Account Data'!AC:AC,'Account Data'!O:O,$A$7) -> 0 | BT7: =SUMIFS('Account Data'!AD:AD,'Account Data'!P:P,$A$7) -> 0 | BU7: =SUMIFS('Account Data'!AE:AE,'Account Data'!Q:Q,$A$7) -> 0 | BV7: =SUMIFS('Account Data'!AF:AF,'Account Data'!R:R,$A$7) -> 0 | BW7: =SUMIFS('Account Data'!AG:AG,'Account Data'!S:S,$A$7) -> 0 | BX7: {=XLOOKUP($B:$B,Target!$C:$C,Target!D:D)} -> 25000000 | BY7: {=XLOOKUP($B:$B,Target!$C:$C,Target!E:E)} -> 25500000 | BZ7: {=XLOOKUP($B:$B,Target!$C:$C,Target!F:F)} -> 26265000 | CA7: {=XLOOKUP($B:$B,Target!$C:$C,Target!G:G)} -> 27052950 | CB7: {=XLOOKUP($B:$B,Target!$C:$C,Target!H:H)} -> 28270333 | CC7: {=XLOOKUP($B:$B,Target!$C:$C,Target!I:I)} -> 29683849 | CD7: {=XLOOKUP($B:$B,Target!$C:$C,Target!J:J)} -> 31019623 | CE7: {=XLOOKUP($B:$B,Target!$C:$C,Target!K:K)} -> 32880800 | CF7: {=XLOOKUP($B:$B,Target!$C:$C,Target!L:L)} -> 35840072 | CG7: {=XLOOKUP($B:$B,Target!$C:$C,Target!M:M)} -> 37632076 | CH7: {=XLOOKUP($B:$B,Target!$C:$C,Target!N:N)} -> 38761038 | CI7: {=XLOOKUP($B:$B,Target!$C:$C,Target!O:O)} -> 39536259
A8: ='Account Manager Data'!A:A -> AM007 | B8: ='Account Manager Data'!B:B -> Yusuf Hidayat | C8: ='Account Manager Data'!C:C -> Sumatera | D8: {=XLOOKUP($B:$B,Target!$C:$C,Target!Q:Q,0)} -> 27848037 | E8: {=XLOOKUP($B:$B,Target!$C:$C,Target!R:R,0)} -> 34810046 | F8: {=XLOOKUP($B:$B,Target!$C:$C,Target!S:S,0)} -> 41772056 | G8: {=XLOOKUP($B:$B,Target!$C:$C,Target!T:T,0)} -> 48734065 | H8: {=XLOOKUP($B:$B,Target!$C:$C,Target!U:U,0)} -> 55696074 | I8: {=XLOOKUP($B:$B,Target!$C:$C,Target!V:V,0)} -> 62658084 | J8: {=XLOOKUP($B:$B,Target!$C:$C,Target!W:W,0)} -> 62658084 | K8: {=XLOOKUP($B:$B,Target!$C:$C,Target!X:X,0)} -> 62658084 | L8: {=XLOOKUP($B:$B,Target!$C:$C,Target!Y:Y,0)} -> 69620093 | M8: {=XLOOKUP($B:$B,Target!$C:$C,Target!Z:Z,0)} -> 69620093 | N8: {=XLOOKUP($B:$B,Target!$C:$C,Target!AA:AA,0)} -> 76582102 | O8: {=XLOOKUP($B:$B,Target!$C:$C,Target!AB:AB,0)} -> 83544111 | P8: =D8*7 -> 1.9493626e+08 | Q8: =E8*7 -> 2.4367032e+08 | R8: =F8*7 -> 2.9240439e+08 | S8: =G8*7 -> 3.4113845e+08 | T8: =H8*7 -> 3.8987252e+08 | U8: =I8*7 -> 4.3860658e+08 | V8: =J8*7 -> 4.3860658e+08 | W8: =K8*7 -> 4.3860658e+08 | ... AA8: =O8*7 -> 5.8480878e+08 | AB8: =D8*1.5 -> 41772056 | AC8: =E8*1.5 -> 52215070 | AD8: =F8*1.5 -> 62658084 | AE8: =G8*1.5 -> 73101097 | AF8: =H8*1.5 -> 83544111 | AG8: =I8*1.5 -> 93987125 | AH8: =J8*1.5 -> 93987125 | AI8: =K8*1.5 -> 93987125 | ... AM8: =O8*1.5 -> 125316167 | AN8: =SUMIFS('Account Data'!J:J,'Account Data'!$G:$G,A8) -> 444125337 | AO8: =SUMIFS('Account Data'!K:K,'Account Data'!$G:$G,A8) -> 447474310 | AP8: =SUMIFS('Account Data'!L:L,'Account Data'!$G:$G,A8) -> 494526869 | AQ8: =SUMIFS('Account Data'!M:M,'Account Data'!$G:$G,A8) -> 534726271 | AR8: =SUMIFS('Account Data'!N:N,'Account Data'!$G:$G,A8) -> 650419554 | AS8: =SUMIFS('Account Data'!O:O,'Account Data'!$G:$G,A8) -> 643456215 | AT8: =SUMIFS('Account Data'!P:P,'Account Data'!$G:$G,A8) -> 708837095 | AU8: =SUMIFS('Account Data'!Q:Q,'Account Data'!$G:$G,A8) -> 766893215 | AV8: =SUMIFS('Account Data'!R:R,'Account Data'!$G:$G,A8) -> 719121385 | AW8: =SUMIFS('Account Data'!S:S,'Account Data'!$G:$G,A8) -> 761411233 | AX8: =SUMIFS('Account Data'!T:T,'Account Data'!$G:$G,A8) -> 1030338681 | AY8: =SUMIFS('Account Data'!U:U,'Account Data'!$G:$G,A8) -> 814283497 | AZ8: =SUMIFS('Account Data'!J:J,'Account Data'!$G:$G,$A$8,'Account Data'!$D:$D,$AZ$12) -> 54375133 | BA8: =SUMIFS('Account Data'!K:K,'Account Data'!$G:$G,$A$8,'Account Data'!$D:$D,$AZ$12) -> 51022415 | BB8: =SUMIFS('Account Data'!L:L,'Account Data'!$G:$G,$A$8,'Account Data'!$D:$D,$AZ$12) -> 58397339 | BC8: =SUMIFS('Account Data'!M:M,'Account Data'!$G:$G,$A$8,'Account Data'!$D:$D,$AZ$12) -> 79860175 | BD8: =SUMIFS('Account Data'!N:N,'Account Data'!$G:$G,$A$8,'Account Data'!$D:$D,$AZ$12) -> 80775270 | BE8: =SUMIFS('Account Data'!O:O,'Account Data'!$G:$G,$A$8,'Account Data'!$D:$D,$AZ$12) -> 92650108 | BF8: =SUMIFS('Account Data'!P:P,'Account Data'!$G:$G,$A$8,'Account Data'!$D:$D,$AZ$12) -> 92250679 | BG8: =SUMIFS('Account Data'!Q:Q,'Account Data'!$G:$G,$A$8,'Account Data'!$D:$D,$AZ$12) -> 86767583 | BH8: =SUMIFS('Account Data'!R:R,'Account Data'!$G:$G,$A$8,'Account Data'!$D:$D,$AZ$12) -> 103859838 | BI8: =SUMIFS('Account Data'!S:S,'Account Data'!$G:$G,$A$8,'Account Data'!$D:$D,$AZ$12) -> 116576048 | BJ8: =SUMIFS('Account Data'!T:T,'Account Data'!$G:$G,$A$8,'Account Data'!$D:$D,$AZ$12) -> 136867005 | BK8: =SUMIFS('Account Data'!U:U,'Account Data'!$G:$G,$A$8,'Account Data'!$D:$D,$AZ$12) -> 115433122 | BL8: =SUMIFS('Account Data'!V:V,'Account Data'!$G:$G,$A$8) -> 13924019 | BM8: =SUMIFS('Account Data'!W:W,'Account Data'!$G:$G,$A$8) -> 6962009.3 | BN8: =SUMIFS('Account Data'!X:X,'Account Data'!$G:$G,$A$8) -> 4177205.6 | BO8: =SUMIFS('Account Data'!Y:Y,'Account Data'!$G:$G,$A$8) -> 48734065 | BP8: =SUMIFS('Account Data'!Z:Z,'Account Data'!$G:$G,$A$8) -> 11139215 | BQ8: =SUMIFS('Account Data'!AA:AA,'Account Data'!$G:$G,$A$8) -> 313290.42 | BR8: =SUMIFS('Account Data'!AB:AB,'Account Data'!$G:$G,$A$8) -> 41980916 | BS8: =SUMIFS('Account Data'!AC:AC,'Account Data'!O:O,$A$8) -> 0 | BT8: =SUMIFS('Account Data'!AD:AD,'Account Data'!P:P,$A$8) -> 0 | BU8: =SUMIFS('Account Data'!AE:AE,'Account Data'!Q:Q,$A$8) -> 0 | BV8: =SUMIFS('Account Data'!AF:AF,'Account Data'!R:R,$A$8) -> 0 | BW8: =SUMIFS('Account Data'!AG:AG,'Account Data'!S:S,$A$8) -> 0 | BX8: {=XLOOKUP($B:$B,Target!$C:$C,Target!D:D)} -> 27000000 | BY8: {=XLOOKUP($B:$B,Target!$C:$C,Target!E:E)} -> 27540000 | BZ8: {=XLOOKUP($B:$B,Target!$C:$C,Target!F:F)} -> 28366200 | CA8: {=XLOOKUP($B:$B,Target!$C:$C,Target!G:G)} -> 29217186 | CB8: {=XLOOKUP($B:$B,Target!$C:$C,Target!H:H)} -> 30531959 | CC8: {=XLOOKUP($B:$B,Target!$C:$C,Target!I:I)} -> 32058557 | CD8: {=XLOOKUP($B:$B,Target!$C:$C,Target!J:J)} -> 33501192 | CE8: {=XLOOKUP($B:$B,Target!$C:$C,Target!K:K)} -> 35511264 | CF8: {=XLOOKUP($B:$B,Target!$C:$C,Target!L:L)} -> 38707278 | CG8: {=XLOOKUP($B:$B,Target!$C:$C,Target!M:M)} -> 40642642 | CH8: {=XLOOKUP($B:$B,Target!$C:$C,Target!N:N)} -> 41861921 | CI8: {=XLOOKUP($B:$B,Target!$C:$C,Target!O:O)} -> 42699159
A9: ='Account Manager Data'!A:A -> AM008 | B9: ='Account Manager Data'!B:B -> Budi Santoso | C9: ='Account Manager Data'!C:C -> Papua | D9: {=XLOOKUP($B:$B,Target!$C:$C,Target!Q:Q,0)} -> 27848037 | E9: {=XLOOKUP($B:$B,Target!$C:$C,Target!R:R,0)} -> 34810046 | F9: {=XLOOKUP($B:$B,Target!$C:$C,Target!S:S,0)} -> 41772056 | G9: {=XLOOKUP($B:$B,Target!$C:$C,Target!T:T,0)} -> 48734065 | H9: {=XLOOKUP($B:$B,Target!$C:$C,Target!U:U,0)} -> 55696074 | I9: {=XLOOKUP($B:$B,Target!$C:$C,Target!V:V,0)} -> 62658084 | J9: {=XLOOKUP($B:$B,Target!$C:$C,Target!W:W,0)} -> 62658084 | K9: {=XLOOKUP($B:$B,Target!$C:$C,Target!X:X,0)} -> 62658084 | L9: {=XLOOKUP($B:$B,Target!$C:$C,Target!Y:Y,0)} -> 69620093 | M9: {=XLOOKUP($B:$B,Target!$C:$C,Target!Z:Z,0)} -> 69620093 | N9: {=XLOOKUP($B:$B,Target!$C:$C,Target!AA:AA,0)} -> 76582102 | O9: {=XLOOKUP($B:$B,Target!$C:$C,Target!AB:AB,0)} -> 83544111 | P9: =D9*7 -> 1.9493626e+08 | Q9: =E9*7 -> 2.4367032e+08 | R9: =F9*7 -> 2.9240439e+08 | S9: =G9*7 -> 3.4113845e+08 | T9: =H9*7 -> 3.8987252e+08 | U9: =I9*7 -> 4.3860658e+08 | V9: =J9*7 -> 4.3860658e+08 | W9: =K9*7 -> 4.3860658e+08 | ... AA9: =O9*7 -> 5.8480878e+08 | AB9: =D9*1.5 -> 41772056 | AC9: =E9*1.5 -> 52215070 | AD9: =F9*1.5 -> 62658084 | AE9: =G9*1.5 -> 73101097 | AF9: =H9*1.5 -> 83544111 | AG9: =I9*1.5 -> 93987125 | AH9: =J9*1.5 -> 93987125 | AI9: =K9*1.5 -> 93987125 | ... AM9: =O9*1.5 -> 125316167 | AN9: =SUMIFS('Account Data'!J:J,'Account Data'!$G:$G,A9) -> 387385326 | AO9: =SUMIFS('Account Data'!K:K,'Account Data'!$G:$G,A9) -> 422137116 | AP9: =SUMIFS('Account Data'!L:L,'Account Data'!$G:$G,A9) -> 588479380 | AQ9: =SUMIFS('Account Data'!M:M,'Account Data'!$G:$G,A9) -> 582118521 | AR9: =SUMIFS('Account Data'!N:N,'Account Data'!$G:$G,A9) -> 668463068 | AS9: =SUMIFS('Account Data'!O:O,'Account Data'!$G:$G,A9) -> 703104898 | AT9: =SUMIFS('Account Data'!P:P,'Account Data'!$G:$G,A9) -> 719111767 | AU9: =SUMIFS('Account Data'!Q:Q,'Account Data'!$G:$G,A9) -> 767564418 | AV9: =SUMIFS('Account Data'!R:R,'Account Data'!$G:$G,A9) -> 727148022 | AW9: =SUMIFS('Account Data'!S:S,'Account Data'!$G:$G,A9) -> 805346200 | AX9: =SUMIFS('Account Data'!T:T,'Account Data'!$G:$G,A9) -> 875875934 | AY9: =SUMIFS('Account Data'!U:U,'Account Data'!$G:$G,A9) -> 910775073 | AZ9: =SUMIFS('Account Data'!J:J,'Account Data'!$G:$G,$A$9,'Account Data'!$D:$D,$AZ$12) -> 43266802 | BA9: =SUMIFS('Account Data'!K:K,'Account Data'!$G:$G,$A$9,'Account Data'!$D:$D,$AZ$12) -> 73090561 | BB9: =SUMIFS('Account Data'!L:L,'Account Data'!$G:$G,$A$9,'Account Data'!$D:$D,$AZ$12) -> 93579869 | BC9: =SUMIFS('Account Data'!M:M,'Account Data'!$G:$G,$A$9,'Account Data'!$D:$D,$AZ$12) -> 103825692 | BD9: =SUMIFS('Account Data'!N:N,'Account Data'!$G:$G,$A$9,'Account Data'!$D:$D,$AZ$12) -> 123132088 | BE9: =SUMIFS('Account Data'!O:O,'Account Data'!$G:$G,$A$9,'Account Data'!$D:$D,$AZ$12) -> 113582208 | BF9: =SUMIFS('Account Data'!P:P,'Account Data'!$G:$G,$A$9,'Account Data'!$D:$D,$AZ$12) -> 107289800 | BG9: =SUMIFS('Account Data'!Q:Q,'Account Data'!$G:$G,$A$9,'Account Data'!$D:$D,$AZ$12) -> 135864564 | BH9: =SUMIFS('Account Data'!R:R,'Account Data'!$G:$G,$A$9,'Account Data'!$D:$D,$AZ$12) -> 170639983 | BI9: =SUMIFS('Account Data'!S:S,'Account Data'!$G:$G,$A$9,'Account Data'!$D:$D,$AZ$12) -> 102105657 | BJ9: =SUMIFS('Account Data'!T:T,'Account Data'!$G:$G,$A$9,'Account Data'!$D:$D,$AZ$12) -> 120528843 | BK9: =SUMIFS('Account Data'!U:U,'Account Data'!$G:$G,$A$9,'Account Data'!$D:$D,$AZ$12) -> 145367562 | BL9: =SUMIFS('Account Data'!V:V,'Account Data'!$G:$G,$A$9) -> 13924019 | BM9: =SUMIFS('Account Data'!W:W,'Account Data'!$G:$G,$A$9) -> 6962009.3 | BN9: =SUMIFS('Account Data'!X:X,'Account Data'!$G:$G,$A$9) -> 4177205.6 | BO9: =SUMIFS('Account Data'!Y:Y,'Account Data'!$G:$G,$A$9) -> 48734065 | BP9: =SUMIFS('Account Data'!Z:Z,'Account Data'!$G:$G,$A$9) -> 11139215 | BQ9: =SUMIFS('Account Data'!AA:AA,'Account Data'!$G:$G,$A$9) -> 313290.42 | BR9: =SUMIFS('Account Data'!AB:AB,'Account Data'!$G:$G,$A$9) -> 41980916 | BS9: =SUMIFS('Account Data'!AC:AC,'Account Data'!O:O,$A$9) -> 0 | BT9: =SUMIFS('Account Data'!AD:AD,'Account Data'!P:P,$A$9) -> 0 | BU9: =SUMIFS('Account Data'!AE:AE,'Account Data'!Q:Q,$A$9) -> 0 | BV9: =SUMIFS('Account Data'!AF:AF,'Account Data'!R:R,$A$9) -> 0 | BW9: =SUMIFS('Account Data'!AG:AG,'Account Data'!S:S,$A$9) -> 0 | BX9: {=XLOOKUP($B:$B,Target!$C:$C,Target!D:D)} -> 30000000 | BY9: {=XLOOKUP($B:$B,Target!$C:$C,Target!E:E)} -> 30600000 | BZ9: {=XLOOKUP($B:$B,Target!$C:$C,Target!F:F)} -> 31518000 | CA9: {=XLOOKUP($B:$B,Target!$C:$C,Target!G:G)} -> 32463540 | CB9: {=XLOOKUP($B:$B,Target!$C:$C,Target!H:H)} -> 33924399 | CC9: {=XLOOKUP($B:$B,Target!$C:$C,Target!I:I)} -> 35620619 | CD9: {=XLOOKUP($B:$B,Target!$C:$C,Target!J:J)} -> 37223547 | CE9: {=XLOOKUP($B:$B,Target!$C:$C,Target!K:K)} -> 39456960 | CF9: {=XLOOKUP($B:$B,Target!$C:$C,Target!L:L)} -> 43008086 | CG9: {=XLOOKUP($B:$B,Target!$C:$C,Target!M:M)} -> 45158491 | CH9: {=XLOOKUP($B:$B,Target!$C:$C,Target!N:N)} -> 46513245 | CI9: {=XLOOKUP($B:$B,Target!$C:$C,Target!O:O)} -> 47443510
A10: ='Account Manager Data'!A:A -> AM009 | B10: ='Account Manager Data'!B:B -> Teguh Wijaya | C10: ='Account Manager Data'!C:C -> Sulawesi | D10: {=XLOOKUP($B:$B,Target!$C:$C,Target!Q:Q,0)} -> 27848037 | E10: {=XLOOKUP($B:$B,Target!$C:$C,Target!R:R,0)} -> 34810046 | F10: {=XLOOKUP($B:$B,Target!$C:$C,Target!S:S,0)} -> 41772056 | G10: {=XLOOKUP($B:$B,Target!$C:$C,Target!T:T,0)} -> 48734065 | H10: {=XLOOKUP($B:$B,Target!$C:$C,Target!U:U,0)} -> 55696074 | I10: {=XLOOKUP($B:$B,Target!$C:$C,Target!V:V,0)} -> 62658084 | J10: {=XLOOKUP($B:$B,Target!$C:$C,Target!W:W,0)} -> 62658084 | K10: {=XLOOKUP($B:$B,Target!$C:$C,Target!X:X,0)} -> 62658084 | L10: {=XLOOKUP($B:$B,Target!$C:$C,Target!Y:Y,0)} -> 69620093 | M10: {=XLOOKUP($B:$B,Target!$C:$C,Target!Z:Z,0)} -> 69620093 | N10: {=XLOOKUP($B:$B,Target!$C:$C,Target!AA:AA,0)} -> 76582102 | O10: {=XLOOKUP($B:$B,Target!$C:$C,Target!AB:AB,0)} -> 83544111 | P10: =D10*7 -> 1.9493626e+08 | Q10: =E10*7 -> 2.4367032e+08 | R10: =F10*7 -> 2.9240439e+08 | S10: =G10*7 -> 3.4113845e+08 | T10: =H10*7 -> 3.8987252e+08 | U10: =I10*7 -> 4.3860658e+08 | V10: =J10*7 -> 4.3860658e+08 | W10: =K10*7 -> 4.3860658e+08 | ... AA10: =O10*7 -> 5.8480878e+08 | AB10: =D10*1.5 -> 41772056 | AC10: =E10*1.5 -> 52215070 | AD10: =F10*1.5 -> 62658084 | AE10: =G10*1.5 -> 73101097 | AF10: =H10*1.5 -> 83544111 | AG10: =I10*1.5 -> 93987125 | AH10: =J10*1.5 -> 93987125 | AI10: =K10*1.5 -> 93987125 | ... AM10: =O10*1.5 -> 125316167 | AN10: =SUMIFS('Account Data'!J:J,'Account Data'!$G:$G,A10) -> 330724711 | AO10: =SUMIFS('Account Data'!K:K,'Account Data'!$G:$G,A10) -> 453390191 | AP10: =SUMIFS('Account Data'!L:L,'Account Data'!$G:$G,A10) -> 543416735 | AQ10: =SUMIFS('Account Data'!M:M,'Account Data'!$G:$G,A10) -> 558746589 | AR10: =SUMIFS('Account Data'!N:N,'Account Data'!$G:$G,A10) -> 648266194 | AS10: =SUMIFS('Account Data'!O:O,'Account Data'!$G:$G,A10) -> 744344203 | AT10: =SUMIFS('Account Data'!P:P,'Account Data'!$G:$G,A10) -> 735041718 | AU10: =SUMIFS('Account Data'!Q:Q,'Account Data'!$G:$G,A10) -> 699271527 | AV10: =SUMIFS('Account Data'!R:R,'Account Data'!$G:$G,A10) -> 771700283 | AW10: =SUMIFS('Account Data'!S:S,'Account Data'!$G:$G,A10) -> 830178463 | AX10: =SUMIFS('Account Data'!T:T,'Account Data'!$G:$G,A10) -> 982102037 | AY10: =SUMIFS('Account Data'!U:U,'Account Data'!$G:$G,A10) -> 766419121 | AZ10: =SUMIFS('Account Data'!J:J,'Account Data'!$G:$G,$A$10,'Account Data'!$D:$D,$AZ$12) -> 48684872 | BA10: =SUMIFS('Account Data'!K:K,'Account Data'!$G:$G,$A$10,'Account Data'!$D:$D,$AZ$12) -> 49218864 | BB10: =SUMIFS('Account Data'!L:L,'Account Data'!$G:$G,$A$10,'Account Data'!$D:$D,$AZ$12) -> 87577836 | BC10: =SUMIFS('Account Data'!M:M,'Account Data'!$G:$G,$A$10,'Account Data'!$D:$D,$AZ$12) -> 93947795 | BD10: =SUMIFS('Account Data'!N:N,'Account Data'!$G:$G,$A$10,'Account Data'!$D:$D,$AZ$12) -> 74569608 | BE10: =SUMIFS('Account Data'!O:O,'Account Data'!$G:$G,$A$10,'Account Data'!$D:$D,$AZ$12) -> 75599829 | BF10: =SUMIFS('Account Data'!P:P,'Account Data'!$G:$G,$A$10,'Account Data'!$D:$D,$AZ$12) -> 81106187 | BG10: =SUMIFS('Account Data'!Q:Q,'Account Data'!$G:$G,$A$10,'Account Data'!$D:$D,$AZ$12) -> 119175738 | BH10: =SUMIFS('Account Data'!R:R,'Account Data'!$G:$G,$A$10,'Account Data'!$D:$D,$AZ$12) -> 91829091 | BI10: =SUMIFS('Account Data'!S:S,'Account Data'!$G:$G,$A$10,'Account Data'!$D:$D,$AZ$12) -> 111421057 | BJ10: =SUMIFS('Account Data'!T:T,'Account Data'!$G:$G,$A$10,'Account Data'!$D:$D,$AZ$12) -> 112998423 | BK10: =SUMIFS('Account Data'!U:U,'Account Data'!$G:$G,$A$10,'Account Data'!$D:$D,$AZ$12) -> 124239131 | BL10: =SUMIFS('Account Data'!V:V,'Account Data'!$G:$G,$A$10) -> 12236259 | BM10: =SUMIFS('Account Data'!W:W,'Account Data'!$G:$G,$A$10) -> 6118129.4 | BN10: =SUMIFS('Account Data'!X:X,'Account Data'!$G:$G,$A$10) -> 3670877.6 | BO10: =SUMIFS('Account Data'!Y:Y,'Account Data'!$G:$G,$A$10) -> 42826906 | BP10: =SUMIFS('Account Data'!Z:Z,'Account Data'!$G:$G,$A$10) -> 9789007 | BQ10: =SUMIFS('Account Data'!AA:AA,'Account Data'!$G:$G,$A$10) -> 275315.82 | BR10: =SUMIFS('Account Data'!AB:AB,'Account Data'!$G:$G,$A$10) -> 36892320 | BS10: =SUMIFS('Account Data'!AC:AC,'Account Data'!O:O,$A$10) -> 0 | BT10: =SUMIFS('Account Data'!AD:AD,'Account Data'!P:P,$A$10) -> 0 | BU10: =SUMIFS('Account Data'!AE:AE,'Account Data'!Q:Q,$A$10) -> 0 | BV10: =SUMIFS('Account Data'!AF:AF,'Account Data'!R:R,$A$10) -> 0 | BW10: =SUMIFS('Account Data'!AG:AG,'Account Data'!S:S,$A$10) -> 0 | BX10: {=XLOOKUP($B:$B,Target!$C:$C,Target!D:D)} -> 20000000 | BY10: {=XLOOKUP($B:$B,Target!$C:$C,Target!E:E)} -> 20400000 | BZ10: {=XLOOKUP($B:$B,Target!$C:$C,Target!F:F)} -> 21012000 | CA10: {=XLOOKUP($B:$B,Target!$C:$C,Target!G:G)} -> 21642360 | CB10: {=XLOOKUP($B:$B,Target!$C:$C,Target!H:H)} -> 22616266 | CC10: {=XLOOKUP($B:$B,Target!$C:$C,Target!I:I)} -> 23747080 | CD10: {=XLOOKUP($B:$B,Target!$C:$C,Target!J:J)} -> 24815698 | CE10: {=XLOOKUP($B:$B,Target!$C:$C,Target!K:K)} -> 26304640 | CF10: {=XLOOKUP($B:$B,Target!$C:$C,Target!L:L)} -> 28672058 | CG10: {=XLOOKUP($B:$B,Target!$C:$C,Target!M:M)} -> 30105660 | CH10: {=XLOOKUP($B:$B,Target!$C:$C,Target!N:N)} -> 31008830 | CI10: {=XLOOKUP($B:$B,Target!$C:$C,Target!O:O)} -> 31629007
A11: ='Account Manager Data'!A:A -> AM010 | B11: ='Account Manager Data'!B:B -> Ilham Saputra | C11: ='Account Manager Data'!C:C -> Jawa | D11: {=XLOOKUP($B:$B,Target!$C:$C,Target!Q:Q,0)} -> 27848037 | E11: {=XLOOKUP($B:$B,Target!$C:$C,Target!R:R,0)} -> 34810046 | F11: {=XLOOKUP($B:$B,Target!$C:$C,Target!S:S,0)} -> 41772056 | G11: {=XLOOKUP($B:$B,Target!$C:$C,Target!T:T,0)} -> 48734065 | H11: {=XLOOKUP($B:$B,Target!$C:$C,Target!U:U,0)} -> 55696074 | I11: {=XLOOKUP($B:$B,Target!$C:$C,Target!V:V,0)} -> 62658084 | J11: {=XLOOKUP($B:$B,Target!$C:$C,Target!W:W,0)} -> 62658084 | K11: {=XLOOKUP($B:$B,Target!$C:$C,Target!X:X,0)} -> 62658084 | L11: {=XLOOKUP($B:$B,Target!$C:$C,Target!Y:Y,0)} -> 69620093 | M11: {=XLOOKUP($B:$B,Target!$C:$C,Target!Z:Z,0)} -> 69620093 | N11: {=XLOOKUP($B:$B,Target!$C:$C,Target!AA:AA,0)} -> 76582102 | O11: {=XLOOKUP($B:$B,Target!$C:$C,Target!AB:AB,0)} -> 83544111 | P11: =D11*7 -> 1.9493626e+08 | Q11: =E11*7 -> 2.4367032e+08 | R11: =F11*7 -> 2.9240439e+08 | S11: =G11*7 -> 3.4113845e+08 | T11: =H11*7 -> 3.8987252e+08 | U11: =I11*7 -> 4.3860658e+08 | V11: =J11*7 -> 4.3860658e+08 | W11: =K11*7 -> 4.3860658e+08 | ... AA11: =O11*7 -> 5.8480878e+08 | AB11: =D11*1.5 -> 41772056 | AC11: =E11*1.5 -> 52215070 | AD11: =F11*1.5 -> 62658084 | AE11: =G11*1.5 -> 73101097 | AF11: =H11*1.5 -> 83544111 | AG11: =I11*1.5 -> 93987125 | AH11: =J11*1.5 -> 93987125 | AI11: =K11*1.5 -> 93987125 | ... AM11: =O11*1.5 -> 125316167 | AN11: =SUMIFS('Account Data'!J:J,'Account Data'!$G:$G,A11) -> 429382902 | AO11: =SUMIFS('Account Data'!K:K,'Account Data'!$G:$G,A11) -> 486132233 | AP11: =SUMIFS('Account Data'!L:L,'Account Data'!$G:$G,A11) -> 531095505 | AQ11: =SUMIFS('Account Data'!M:M,'Account Data'!$G:$G,A11) -> 535255151 | AR11: =SUMIFS('Account Data'!N:N,'Account Data'!$G:$G,A11) -> 749139562 | AS11: =SUMIFS('Account Data'!O:O,'Account Data'!$G:$G,A11) -> 709960787 | AT11: =SUMIFS('Account Data'!P:P,'Account Data'!$G:$G,A11) -> 684393820 | AU11: =SUMIFS('Account Data'!Q:Q,'Account Data'!$G:$G,A11) -> 697884077 | AV11: =SUMIFS('Account Data'!R:R,'Account Data'!$G:$G,A11) -> 807457325 | AW11: =SUMIFS('Account Data'!S:S,'Account Data'!$G:$G,A11) -> 872160664 | AX11: =SUMIFS('Account Data'!T:T,'Account Data'!$G:$G,A11) -> 858008004 | AY11: =SUMIFS('Account Data'!U:U,'Account Data'!$G:$G,A11) -> 868722066 | AZ11: =SUMIFS('Account Data'!J:J,'Account Data'!$G:$G,$A$11,'Account Data'!$D:$D,$AZ$12) -> 67477974 | BA11: =SUMIFS('Account Data'!K:K,'Account Data'!$G:$G,$A$11,'Account Data'!$D:$D,$AZ$12) -> 75196536 | BB11: =SUMIFS('Account Data'!L:L,'Account Data'!$G:$G,$A$11,'Account Data'!$D:$D,$AZ$12) -> 92840588 | BC11: =SUMIFS('Account Data'!M:M,'Account Data'!$G:$G,$A$11,'Account Data'!$D:$D,$AZ$12) -> 80695717 | BD11: =SUMIFS('Account Data'!N:N,'Account Data'!$G:$G,$A$11,'Account Data'!$D:$D,$AZ$12) -> 136194418 | BE11: =SUMIFS('Account Data'!O:O,'Account Data'!$G:$G,$A$11,'Account Data'!$D:$D,$AZ$12) -> 106408467 | BF11: =SUMIFS('Account Data'!P:P,'Account Data'!$G:$G,$A$11,'Account Data'!$D:$D,$AZ$12) -> 78982331 | BG11: =SUMIFS('Account Data'!Q:Q,'Account Data'!$G:$G,$A$11,'Account Data'!$D:$D,$AZ$12) -> 116794818 | BH11: =SUMIFS('Account Data'!R:R,'Account Data'!$G:$G,$A$11,'Account Data'!$D:$D,$AZ$12) -> 118984846 | BI11: =SUMIFS('Account Data'!S:S,'Account Data'!$G:$G,$A$11,'Account Data'!$D:$D,$AZ$12) -> 138489063 | BJ11: =SUMIFS('Account Data'!T:T,'Account Data'!$G:$G,$A$11,'Account Data'!$D:$D,$AZ$12) -> 147470047 | BK11: =SUMIFS('Account Data'!U:U,'Account Data'!$G:$G,$A$11,'Account Data'!$D:$D,$AZ$12) -> 163095815 | BL11: =SUMIFS('Account Data'!V:V,'Account Data'!$G:$G,$A$11) -> 13566992 | BM11: =SUMIFS('Account Data'!W:W,'Account Data'!$G:$G,$A$11) -> 6783496.2 | BN11: =SUMIFS('Account Data'!X:X,'Account Data'!$G:$G,$A$11) -> 4070097.7 | BO11: =SUMIFS('Account Data'!Y:Y,'Account Data'!$G:$G,$A$11) -> 47484474 | BP11: =SUMIFS('Account Data'!Z:Z,'Account Data'!$G:$G,$A$11) -> 10853594 | BQ11: =SUMIFS('Account Data'!AA:AA,'Account Data'!$G:$G,$A$11) -> 305257.33 | BR11: =SUMIFS('Account Data'!AB:AB,'Account Data'!$G:$G,$A$11) -> 40904482 | BS11: =SUMIFS('Account Data'!AC:AC,'Account Data'!O:O,$A$11) -> 0 | BT11: =SUMIFS('Account Data'!AD:AD,'Account Data'!P:P,$A$11) -> 0 | BU11: =SUMIFS('Account Data'!AE:AE,'Account Data'!Q:Q,$A$11) -> 0 | BV11: =SUMIFS('Account Data'!AF:AF,'Account Data'!R:R,$A$11) -> 0 | BW11: =SUMIFS('Account Data'!AG:AG,'Account Data'!S:S,$A$11) -> 0 | BX11: {=XLOOKUP($B:$B,Target!$C:$C,Target!D:D)} -> 40000000 | BY11: {=XLOOKUP($B:$B,Target!$C:$C,Target!E:E)} -> 40800000 | BZ11: {=XLOOKUP($B:$B,Target!$C:$C,Target!F:F)} -> 42024000 | CA11: {=XLOOKUP($B:$B,Target!$C:$C,Target!G:G)} -> 43284720 | CB11: {=XLOOKUP($B:$B,Target!$C:$C,Target!H:H)} -> 45232532 | CC11: {=XLOOKUP($B:$B,Target!$C:$C,Target!I:I)} -> 47494159 | CD11: {=XLOOKUP($B:$B,Target!$C:$C,Target!J:J)} -> 49631396 | CE11: {=XLOOKUP($B:$B,Target!$C:$C,Target!K:K)} -> 52609280 | CF11: {=XLOOKUP($B:$B,Target!$C:$C,Target!L:L)} -> 57344115 | CG11: {=XLOOKUP($B:$B,Target!$C:$C,Target!M:M)} -> 60211321 | CH11: {=XLOOKUP($B:$B,Target!$C:$C,Target!N:N)} -> 62017661 | CI11: {=XLOOKUP($B:$B,Target!$C:$C,Target!O:O)} -> 63258014
AZ12: Closed Won

Sheet LineChart
A1: Tanggal | B1: Target_Rizky Maulana | C1: Target_Dedi Kurniawan | D1: Target_Ahmad Fauzi | E1: Target_Eko Prasetyo | F1: Target_Fajar Ramadhan | G1: Target_Hendra Gunawan | H1: Target_Yusuf Hidayat | I1: Target_Budi Santoso | J1: Target_Teguh Wijaya | K1: Target_Ilham Saputra | L1: Rizky Maulana | M1: Dedi Kurniawan | N1: Ahmad Fauzi | O1: Eko Prasetyo | P1: Fajar Ramadhan | Q1: Hendra Gunawan | R1: Yusuf Hidayat | S1: Budi Santoso | T1: Teguh Wijaya | U1: Ilham Saputra
A2: 46023 | B2: {=TRANSPOSE('AM '!D2:O11)} -> 55696074 | C2: 55696074 | D2: 55696074 | E2: 55696074 | F2: 55696074 | G2: 55696074 | H2: 27848037 | I2: 27848037 | J2: 27848037 | K2: 27848037 | L2: {=TRANSPOSE('AM '!BL2:BW11)} -> 56000000 | M2: 83544111 | N2: 83544111 | O2: 83544111 | P2: 83544111 | Q2: 83544111 | R2: 13924019 | S2: 13924019 | T2: 12236259 | U2: 13566992
A3: 46054 | B3: 69620093 | C3: 69620093 | D3: 69620093 | E3: 69620093 | F3: 69620093 | G3: 69620093 | H3: 34810046 | I3: 34810046 | J3: 34810046 | K3: 34810046 | L3: 80000000 | M3: 83544111 | N3: 83544111 | O3: 83544111 | P3: 83544111 | Q3: 83544111 | R3: 6962009.3 | S3: 6962009.3 | T3: 6118129.4 | U3: 6783496.2
A4: 46082 | B4: 83544111 | C4: 83544111 | D4: 83544111 | E4: 83544111 | F4: 83544111 | G4: 83544111 | H4: 41772056 | I4: 41772056 | J4: 41772056 | K4: 41772056 | L4: 84000002 | M4: 1.6708822e+08 | N4: 1.6708822e+08 | O4: 1.6708822e+08 | P4: 1.6708822e+08 | Q4: 1.6708822e+08 | R4: 4177205.6 | S4: 4177205.6 | T4: 3670877.6 | U4: 4070097.7
A5: 46113 | B5: 97468130 | C5: 97468130 | D5: 97468130 | E5: 97468130 | F5: 97468130 | G5: 97468130 | H5: 48734065 | I5: 48734065 | J5: 48734065 | K5: 48734065 | L5: 84000001 | M5: 1.3645538e+08 | N5: 1.3645538e+08 | O5: 1.3645538e+08 | P5: 1.3645538e+08 | Q5: 1.3645538e+08 | R5: 48734065 | S5: 48734065 | T5: 42826906 | U5: 47484474
A6: 46143 | B6: 1.1139215e+08 | C6: 1.1139215e+08 | D6: 1.1139215e+08 | E6: 1.1139215e+08 | F6: 1.1139215e+08 | G6: 1.1139215e+08 | H6: 55696074 | I6: 55696074 | J6: 55696074 | K6: 55696074 | L6: 90999999 | M6: 1.2253136e+08 | N6: 1.2253136e+08 | O6: 1.2253136e+08 | P6: 1.2253136e+08 | Q6: 1.2253136e+08 | R6: 11139215 | S6: 11139215 | T6: 9789007 | U6: 10853594
A7: 46174 | B7: 1.2531617e+08 | C7: 1.2531617e+08 | D7: 1.2531617e+08 | E7: 1.2531617e+08 | F7: 1.2531617e+08 | G7: 1.2531617e+08 | H7: 62658084 | I7: 62658084 | J7: 62658084 | K7: 62658084 | L7: 96804206 | M7: 3.1329042e+08 | N7: 3.1329042e+08 | O7: 3.1329042e+08 | P7: 3.1329042e+08 | Q7: 3.1329042e+08 | R7: 313290.42 | S7: 313290.42 | T7: 275315.82 | U7: 305257.33
A8: 46204 | B8: 1.2531617e+08 | C8: 1.2531617e+08 | D8: 1.2531617e+08 | E8: 1.2531617e+08 | F8: 1.2531617e+08 | G8: 1.2531617e+08 | H8: 62658084 | I8: 62658084 | J8: 62658084 | K8: 62658084 | L8: 250000000 | M8: 2.8822718e+08 | N8: 2.8822718e+08 | O8: 2.8822718e+08 | P8: 2.8822718e+08 | Q8: 2.8822718e+08 | R8: 41980916 | S8: 41980916 | T8: 36892320 | U8: 40904482
A9: 46235 | B9: 1.2531617e+08 | C9: 1.2531617e+08 | D9: 1.2531617e+08 | E9: 1.2531617e+08 | F9: 1.2531617e+08 | G9: 1.2531617e+08 | H9: 62658084 | I9: 62658084 | J9: 62658084 | K9: 62658084 | L9: 0 | M9: 0 | N9: 0 | O9: 0 | P9: 0 | Q9: 0 | R9: 0 | S9: 0 | T9: 0 | U9: 0
A10: 46266 | B10: 1.3924019e+08 | C10: 1.3924019e+08 | D10: 1.3924019e+08 | E10: 1.3924019e+08 | F10: 1.3924019e+08 | G10: 1.3924019e+08 | H10: 69620093 | I10: 69620093 | J10: 69620093 | K10: 69620093 | L10: 0 | M10: 0 | N10: 0 | O10: 0 | P10: 0 | Q10: 0 | R10: 0 | S10: 0 | T10: 0 | U10: 0
A11: 46296 | B11: 1.3924019e+08 | C11: 1.3924019e+08 | D11: 1.3924019e+08 | E11: 1.3924019e+08 | F11: 1.3924019e+08 | G11: 1.3924019e+08 | H11: 69620093 | I11: 69620093 | J11: 69620093 | K11: 69620093 | L11: 0 | M11: 0 | N11: 0 | O11: 0 | P11: 0 | Q11: 0 | R11: 0 | S11: 0 | T11: 0 | U11: 0
A12: 46327 | B12: 1.531642e+08 | C12: 1.531642e+08 | D12: 1.531642e+08 | E12: 1.531642e+08 | F12: 1.531642e+08 | G12: 1.531642e+08 | H12: 76582102 | I12: 76582102 | J12: 76582102 | K12: 76582102 | L12: 0 | M12: 0 | N12: 0 | O12: 0 | P12: 0 | Q12: 0 | R12: 0 | S12: 0 | T12: 0 | U12: 0
A13: 46357 | B13: 1.6708822e+08 | C13: 1.6708822e+08 | D13: 1.6708822e+08 | E13: 1.6708822e+08 | F13: 1.6708822e+08 | G13: 1.6708822e+08 | H13: 83544111 | I13: 83544111 | J13: 83544111 | K13: 83544111 | L13: 0 | M13: 0 | N13: 0 | O13: 0 | P13: 0 | Q13: 0 | R13: 0 | S13: 0 | T13: 0 | U13: 0

Sheet Generate Dummy Closed WON (Reve
A1: CLOSED WON
A2: AM001 | B2: AM002 | C2: AM003 | D2: AM004 | E2: AM005 | F2: AM006 | G2: AM007 | H2: AM008 | I2: AM009 | J2: AM010
A3: p_id | B3: p_id | C3: p_id | D3: p_id | E3: p_id | F3: p_id | G3: p_id | H3: p_id | I3: p_id | J3: p_id
A4: PRJ00162 | B4: PRJ00074 | C4: PRJ00013 | D4: PRJ00038 | E4: PRJ00075 | F4: PRJ00023 | G4: PRJ00041 | H4: PRJ00007 | I4: PRJ00030 | J4: PRJ00002
A5: PRJ00192 | B5: PRJ00094 | C5: PRJ00107 | D5: PRJ00078 | E5: PRJ00105 | F5: PRJ00106 | G5: PRJ00071 | H5: PRJ00040 | I5: PRJ00039 | J5: PRJ00255
A6: PRJ00202 | B6: PRJ00123 | C6: PRJ00287 | D6: PRJ00198 | E6: PRJ00125 | F6: PRJ00186 | G6: PRJ00091 | H6: PRJ00079 | I6: PRJ00150 | J6: PRJ00275
A7: PRJ00252 | B7: PRJ00183 | C7: PRJ00297 | D7: PRJ00269 | E7: PRJ00145 | F7: PRJ00266 | G7: PRJ00151 | H7: PRJ00088 | I7: PRJ00220 | J7: PRJ00444
A8: PRJ00302 | B8: PRJ00263 | C8: PRJ00357 | D8: PRJ00378 | E8: PRJ00153 | F8: PRJ00316 | G8: PRJ00191 | H8: PRJ00108 | I8: PRJ00400 | J8: PRJ00484
A9: PRJ00372 | B9: PRJ00363 | C9: PRJ00367 | D9: PRJ00509 | E9: PRJ00193 | F9: PRJ00376 | G9: PRJ00221 | H9: PRJ00119 | I9: PRJ00540 | J9: PRJ00524
A10: PRJ00422 | B10: PRJ00423 | C10: PRJ00467 | D10: PRJ00569 | E10: PRJ00253 | F10: PRJ00646 | G10: PRJ00291 | H10: PRJ00128 | I10: PRJ00590 | J10: PRJ00584
A11: PRJ00432 | B11: PRJ00454 | C11: PRJ00487 | D11: PRJ00669 | E11: PRJ00305 | F11: PRJ00726 | G11: PRJ00361 | H11: PRJ00228 | I11: PRJ00620 | J11: PRJ00615
A12: PRJ00502 | B12: PRJ00514 | C12: PRJ00567 | D12: PRJ00829 | E12: PRJ00445 | F12: PRJ00766 | G12: PRJ00481 | H12: PRJ00339 | I12: PRJ00680 | J12: PRJ00675
A13: PRJ00522 | B13: PRJ00634 | C13: PRJ00587 | D13: PRJ00878 | E13: PRJ00585 | F13: PRJ00816 | G13: PRJ00521 | H13: PRJ00459 | I13: PRJ00770 | J13: PRJ00684
... A15: PRJ00902 | B15: PRJ00714 | C15: PRJ00757 | D15: PRJ00949 | E15: PRJ00673 | F15: PRJ00886 | G15: PRJ00691 | H15: PRJ00508 | I15: PRJ00930 | J15: PRJ00824
A16: PRJ00932 | B16: PRJ00723 | C16: PRJ00877 | E16: PRJ00733 | F16: PRJ00968 | G16: PRJ00871 | H16: PRJ00568 | I16: PRJ00986 | J16: PRJ00844
C17: PRJ00957 | E17: PRJ00925 | H17: PRJ00708 | J17: PRJ00884
E18: PRJ00945 | H18: PRJ00768 | J18: PRJ00961
E19: PRJ00960 | H19: PRJ00819 | J19: PRJ00974
E20: PRJ01000
A22: TARGET
A23: Position | B23: Level | C23: Total Employee | D23: Jan | E23: Feb | F23: Mar | G23: Apr | H23: Mei | I23: Jun | J23: Jul | K23: Aug | L23: Sep | M23: Oct | N23: Nov | O23: Dec | P23: FY
A24: Senior | B24: 1 | C24: 6 | D24: 55696074 | E24: 69620093 | F24: 83544111 | G24: 97468130 | H24: 1.1139215e+08 | I24: 1.2531617e+08 | J24: 1.2531617e+08 | K24: 1.2531617e+08 | L24: 1.3924019e+08 | M24: 1.3924019e+08 | N24: 1.531642e+08 | O24: 1.6708822e+08 | P24: 1.3924019e+09
A25: Junior | B25: 2 | C25: 4 | D25: 27848037 | E25: 34810046 | F25: 41772056 | G25: 48734065 | H25: 55696074 | I25: 62658084 | J25: 62658084 | K25: 62658084 | L25: 69620093 | M25: 69620093 | N25: 76582102 | O25: 83544111 | P25: 6.9620093e+08
A26: Total | C26: 10 | P26: 0
A28: Formula Random Values
A30: AM010 | D30: 0.5 | E30: 0.2 | F30: 0.1 | G30: 1 | H30: 0.2 | I30: 0.005 | J30: 0.67
A31: p_id | B31: =SUM(B32:B47) -> 92 | C31: =SUM(C32:C47) -> 1 | D31: =D25*D30 -> 13924019 | E31: =E25*E30 -> 6962009.3 | F31: =F25*F30 -> 4177205.6 | G31: =G25*G30 -> 48734065 | H31: =H25*H30 -> 11139215 | I31: =I25*I30 -> 313290.42 | J31: =J25*J30 -> 41980916
A32: PRJ00002 | B32: =RANDBETWEEN(1,10) -> 7 | C32: =B32/$B$31 -> 0.076086957 | D32: =C32*$D$31 -> 1059436.2 | E32: =C32*$E$31 -> 529718.1 | F32: =$F$31*C32 -> 317830.86 | G32: =$G$31*C32 -> 3708026.7 | H32: =$H$31*C32 -> 847548.96 | I32: =$I$31*C32 -> 23837.314 | J32: =$J$31*C32 -> 3194200.1
A33: PRJ00255 | B33: =RANDBETWEEN(1,10) -> 8 | C33: =B33/$B$31 -> 0.086956522 | D33: =C33*$D$31 -> 1210784.2 | E33: =C33*$E$31 -> 605392.11 | F33: =$F$31*C33 -> 363235.27 | G33: =$G$31*C33 -> 4237744.8 | H33: =$H$31*C33 -> 968627.38 | I33: =$I$31*C33 -> 27242.645 | J33: =$J$31*C33 -> 3650514.4
A34: PRJ00275 | B34: =RANDBETWEEN(1,10) -> 3 | C34: =B34/$B$31 -> 0.032608696 | D34: =C34*$D$31 -> 454044.08 | E34: =C34*$E$31 -> 227022.04 | F34: =$F$31*C34 -> 136213.23 | G34: =$G$31*C34 -> 1589154.3 | H34: =$H$31*C34 -> 363235.27 | I34: =$I$31*C34 -> 10215.992 | J34: =$J$31*C34 -> 1368942.9
A35: PRJ00444 | B35: =RANDBETWEEN(1,10) -> 9 | C35: =B35/$B$31 -> 0.097826087 | D35: =C35*$D$31 -> 1362132.2 | E35: =C35*$E$31 -> 681066.13 | F35: =$F$31*C35 -> 408639.68 | G35: =$G$31*C35 -> 4767462.9 | H35: =$H$31*C35 -> 1089705.8 | I35: =$I$31*C35 -> 30647.976 | J35: =$J$31*C35 -> 4106828.7
A36: PRJ00484 | B36: =RANDBETWEEN(1,10) -> 10 | C36: =B36/$B$31 -> 0.10869565 | D36: =C36*$D$31 -> 1513480.3 | E36: =C36*$E$31 -> 756740.14 | F36: =$F$31*C36 -> 454044.08 | G36: =$G$31*C36 -> 5297181 | H36: =$H$31*C36 -> 1210784.2 | I36: =$I$31*C36 -> 34053.306 | J36: =$J$31*C36 -> 4563143
A37: PRJ00524 | B37: =RANDBETWEEN(1,10) -> 8 | C37: =B37/$B$31 -> 0.086956522 | D37: =C37*$D$31 -> 1210784.2 | E37: =C37*$E$31 -> 605392.11 | F37: =$F$31*C37 -> 363235.27 | G37: =$G$31*C37 -> 4237744.8 | H37: =$H$31*C37 -> 968627.38 | I37: =$I$31*C37 -> 27242.645 | J37: =$J$31*C37 -> 3650514.4
A38: PRJ00584 | B38: =RANDBETWEEN(1,10) -> 5 | C38: =B38/$B$31 -> 0.054347826 | D38: =C38*$D$31 -> 756740.14 | E38: =C38*$E$31 -> 378370.07 | F38: =$F$31*C38 -> 227022.04 | G38: =$G$31*C38 -> 2648590.5 | H38: =$H$31*C38 -> 605392.11 | I38: =$I$31*C38 -> 17026.653 | J38: =$J$31*C38 -> 2281571.5
A39: PRJ00615 | B39: =RANDBETWEEN(1,10) -> 6 | C39: =B39/$B$31 -> 0.065217391 | D39: =C39*$D$31 -> 908088.17 | E39: =C39*$E$31 -> 454044.08 | F39: =$F$31*C39 -> 272426.45 | G39: =$G$31*C39 -> 3178308.6 | H39: =$H$31*C39 -> 726470.53 | I39: =$I$31*C39 -> 20431.984 | J39: =$J$31*C39 -> 2737885.8
A40: PRJ00675 | B40: =RANDBETWEEN(1,10) -> 5 | C40: =B40/$B$31 -> 0.054347826 | D40: =C40*$D$31 -> 756740.14 | E40: =C40*$E$31 -> 378370.07 | F40: =$F$31*C40 -> 227022.04 | G40: =$G$31*C40 -> 2648590.5 | H40: =$H$31*C40 -> 605392.11 | I40: =$I$31*C40 -> 17026.653 | J40: =$J$31*C40 -> 2281571.5
A41: PRJ00684 | B41: =RANDBETWEEN(1,10) -> 1 | C41: =B41/$B$31 -> 0.010869565 | D41: =C41*$D$31 -> 151348.03 | E41: =C41*$E$31 -> 75674.014 | F41: =$F$31*C41 -> 45404.408 | G41: =$G$31*C41 -> 529718.1 | H41: =$H$31*C41 -> 121078.42 | I41: =$I$31*C41 -> 3405.3306 | J41: =$J$31*C41 -> 456314.3
A42: PRJ00695 | B42: =RANDBETWEEN(1,10) -> 2 | C42: =B42/$B$31 -> 0.02173913 | D42: =C42*$D$31 -> 302696.06 | E42: =C42*$E$31 -> 151348.03 | F42: =$F$31*C42 -> 90808.817 | G42: =$G$31*C42 -> 1059436.2 | H42: =$H$31*C42 -> 242156.84 | I42: =$I$31*C42 -> 6810.6613 | J42: =$J$31*C42 -> 912628.61
A43: PRJ00824 | B43: =RANDBETWEEN(1,10) -> 4 | C43: =B43/$B$31 -> 0.043478261 | D43: =C43*$D$31 -> 605392.11 | E43: =C43*$E$31 -> 302696.06 | F43: =$F$31*C43 -> 181617.63 | G43: =$G$31*C43 -> 2118872.4 | H43: =$H$31*C43 -> 484313.69 | I43: =$I$31*C43 -> 13621.323 | J43: =$J$31*C43 -> 1825257.2
... A47: PRJ00974 | B47: =RANDBETWEEN(1,10) -> 7 | C47: =B47/$B$31 -> 0.076086957 | D47: =C47*$D$31 -> 1059436.2 | E47: =C47*$E$31 -> 529718.1 | F47: =$F$31*C47 -> 317830.86 | G47: =$G$31*C47 -> 3708026.7 | H47: =$H$31*C47 -> 847548.96 | I47: =$I$31*C47 -> 23837.314 | J47: =$J$31*C47 -> 3194200.1
A49: Copy Values of Closeed Won (Revenue)
A50: AM002 | L50: AM003
D51: 1.5 | E51: 1.2 | F51: 2 | G51: 1.4 | H51: 1.1 | I51: 2.5 | J51: 2.3 | O51: 1.5 | P51: 1.2 | Q51: 2 | R51: 1.4 | S51: 1.1 | T51: 2.5 | U51: 2.3
A52: p_id | B52: 60 | C52: 1 | D52: 83544111 | E52: 83544111 | F52: 1.6708822e+08 | G52: 1.3645538e+08 | H52: 1.2253136e+08 | I52: 3.1329042e+08 | J52: 2.8822718e+08 | L52: p_id | M52: 65 | N52: 1 | O52: 83544111 | P52: 83544111 | Q52: 1.6708822e+08 | R52: 1.3645538e+08 | S52: 1.2253136e+08 | T52: 3.1329042e+08 | U52: 2.8822718e+08
A53: PRJ00074 | B53: 4 | C53: 0.066666667 | D53: 5569607.4 | E53: 5569607.4 | F53: 11139215 | G53: 9097025.5 | H53: 8168757.6 | I53: 20886028 | J53: 19215146 | L53: PRJ00013 | M53: 5 | N53: 0.076923077 | O53: 6426470.1 | P53: 6426470.1 | Q53: 12852940 | R53: 10496568 | S53: 9425489.5 | T53: 24099263 | U53: 22171322
A54: PRJ00094 | B54: 10 | C54: 0.16666667 | D54: 13924019 | E54: 13924019 | F54: 27848037 | G54: 22742564 | H54: 20421894 | I54: 52215070 | J54: 48037864 | L54: PRJ00107 | M54: 3 | N54: 0.046153846 | O54: 3855882.1 | P54: 3855882.1 | Q54: 7711764.1 | R54: 6297940.7 | S54: 5655293.7 | T54: 14459558 | U54: 13302793
A55: PRJ00123 | B55: 4 | C55: 0.066666667 | D55: 5569607.4 | E55: 5569607.4 | F55: 11139215 | G55: 9097025.5 | H55: 8168757.6 | I55: 20886028 | J55: 19215146 | L55: PRJ00287 | M55: 6 | N55: 0.092307692 | O55: 7711764.1 | P55: 7711764.1 | Q55: 15423528 | R55: 12595881 | S55: 11310587 | T55: 28919115 | U55: 26605586
A56: PRJ00183 | B56: 1 | C56: 0.016666667 | D56: 1392401.9 | E56: 1392401.9 | F56: 2784803.7 | G56: 2274256.4 | H56: 2042189.4 | I56: 5221507 | J56: 4803786.4 | L56: PRJ00297 | M56: 3 | N56: 0.046153846 | O56: 3855882.1 | P56: 3855882.1 | Q56: 7711764.1 | R56: 6297940.7 | S56: 5655293.7 | T56: 14459558 | U56: 13302793
A57: PRJ00263 | B57: 9 | C57: 0.15 | D57: 12531617 | E57: 12531617 | F57: 25063233 | G57: 20468307 | H57: 18379704 | I57: 46993563 | J57: 43234078 | L57: PRJ00357 | M57: 10 | N57: 0.15384615 | O57: 12852940 | P57: 12852940 | Q57: 25705880 | R57: 20993136 | S57: 18850979 | T57: 48198526 | U57: 44342644
A58: PRJ00363 | B58: 1 | C58: 0.016666667 | D58: 1392401.9 | E58: 1392401.9 | F58: 2784803.7 | G58: 2274256.4 | H58: 2042189.4 | I58: 5221507 | J58: 4803786.4 | L58: PRJ00367 | M58: 4 | N58: 0.061538462 | O58: 5141176.1 | P58: 5141176.1 | Q58: 10282352 | R58: 8397254.3 | S58: 7540391.6 | T58: 19279410 | U58: 17737057
A59: PRJ00423 | B59: 7 | C59: 0.11666667 | D59: 9746813 | E59: 9746813 | F59: 19493626 | G59: 15919795 | H59: 14295326 | I59: 36550549 | J59: 33626505 | L59: PRJ00467 | M59: 5 | N59: 0.076923077 | O59: 6426470.1 | P59: 6426470.1 | Q59: 12852940 | R59: 10496568 | S59: 9425489.5 | T59: 24099263 | U59: 22171322
A60: PRJ00454 | B60: 6 | C60: 0.1 | D60: 8354411.1 | E60: 8354411.1 | F60: 16708822 | G60: 13645538 | H60: 12253136 | I60: 31329042 | J60: 28822718 | L60: PRJ00487 | M60: 5 | N60: 0.076923077 | O60: 6426470.1 | P60: 6426470.1 | Q60: 12852940 | R60: 10496568 | S60: 9425489.5 | T60: 24099263 | U60: 22171322
A61: PRJ00514 | B61: 7 | C61: 0.11666667 | D61: 9746813 | E61: 9746813 | F61: 19493626 | G61: 15919795 | H61: 14295326 | I61: 36550549 | J61: 33626505 | L61: PRJ00567 | M61: 7 | N61: 0.10769231 | O61: 8997058.1 | P61: 8997058.1 | Q61: 17994116 | R61: 14695195 | S61: 13195685 | T61: 33738968 | U61: 31039851
A62: PRJ00634 | B62: 0 | C62: 0 | D62: 0 | E62: 0 | F62: 0 | G62: 0 | H62: 0 | I62: 0 | J62: 0 | L62: PRJ00587 | M62: 1 | N62: 0.015384615 | O62: 1285294 | P62: 1285294 | Q62: 2570588 | R62: 2099313.6 | S62: 1885097.9 | T62: 4819852.6 | U62: 4434264.4
A63: PRJ00703 | B63: 9 | C63: 0.15 | D63: 12531617 | E63: 12531617 | F63: 25063233 | G63: 20468307 | H63: 18379704 | I63: 46993563 | J63: 43234078 | L63: PRJ00687 | M63: 3 | N63: 0.046153846 | O63: 3855882.1 | P63: 3855882.1 | Q63: 7711764.1 | R63: 6297940.7 | S63: 5655293.7 | T63: 14459558 | U63: 13302793
... A65: PRJ00723 | B65: 0 | C65: 0 | D65: 0 | E65: 0 | F65: 0 | G65: 0 | H65: 0 | I65: 0 | J65: 0 | L65: PRJ00877 | M65: 9 | N65: 0.13846154 | O65: 11567646 | P65: 11567646 | Q65: 23135292 | R65: 18893822 | S65: 16965881 | T65: 43378673 | U65: 39908379
L66: PRJ00957 | M66: 0 | N66: 0 | O66: 0 | P66: 0 | Q66: 0 | R66: 0 | S66: 0 | T66: 0 | U66: 0
A69: AM004 | L69: AM005
D70: 1.5 | E70: 1.2 | F70: 2 | G70: 1.4 | H70: 1.1 | I70: 2.5 | J70: 2.3 | O70: 1.5 | P70: 1.2 | Q70: 2 | R70: 1.4 | S70: 1.1 | T70: 2.5 | U70: 2.3
A71: p_id | B71: 73 | C71: 1 | D71: 83544111 | E71: 83544111 | F71: 1.6708822e+08 | G71: 1.3645538e+08 | H71: 1.2253136e+08 | I71: 3.1329042e+08 | J71: 2.8822718e+08 | L71: p_id | M71: 75 | N71: 1 | O71: 83544111 | P71: 83544111 | Q71: 1.6708822e+08 | R71: 1.3645538e+08 | S71: 1.2253136e+08 | T71: 3.1329042e+08 | U71: 2.8822718e+08
A72: PRJ00038 | B72: 7 | C72: 0.095890411 | D72: 8011079.2 | E72: 8011079.2 | F72: 16022158 | G72: 13084763 | H72: 11749583 | I72: 30041547 | J72: 27638223 | L72: PRJ00075 | M72: 5 | N72: 0.066666667 | O72: 5569607.4 | P72: 5569607.4 | Q72: 11139215 | R72: 9097025.5 | S72: 8168757.6 | T72: 20886028 | U72: 19215146
A73: PRJ00078 | B73: 3 | C73: 0.04109589 | D73: 3433319.6 | E73: 3433319.6 | F73: 6866639.3 | G73: 5607755.4 | H73: 5035535.5 | I73: 12874949 | J73: 11844953 | L73: PRJ00105 | M73: 3 | N73: 0.04 | O73: 3341764.5 | P73: 3341764.5 | Q73: 6683528.9 | R73: 5458215.3 | S73: 4901254.5 | T73: 12531617 | U73: 11529087
A74: PRJ00198 | B74: 6 | C74: 0.082191781 | D74: 6866639.3 | E74: 6866639.3 | F74: 13733279 | G74: 11215511 | H74: 10071071 | I74: 25749897 | J74: 23689906 | L74: PRJ00125 | M74: 6 | N74: 0.08 | O74: 6683528.9 | P74: 6683528.9 | Q74: 13367058 | R74: 10916431 | S74: 9802509.1 | T74: 25063233 | U74: 23058175
A75: PRJ00269 | B75: 7 | C75: 0.095890411 | D75: 8011079.2 | E75: 8011079.2 | F75: 16022158 | G75: 13084763 | H75: 11749583 | I75: 30041547 | J75: 27638223 | L75: PRJ00145 | M75: 1 | N75: 0.013333333 | O75: 1113921.5 | P75: 1113921.5 | Q75: 2227843 | R75: 1819405.1 | S75: 1633751.5 | T75: 4177205.6 | U75: 3843029.1
A76: PRJ00378 | B76: 3 | C76: 0.04109589 | D76: 3433319.6 | E76: 3433319.6 | F76: 6866639.3 | G76: 5607755.4 | H76: 5035535.5 | I76: 12874949 | J76: 11844953 | L76: PRJ00153 | M76: 4 | N76: 0.053333333 | O76: 4455685.9 | P76: 4455685.9 | Q76: 8911371.9 | R76: 7277620.4 | S76: 6535006 | T76: 0 | U76: 15372116
A77: PRJ00509 | B77: 4 | C77: 0.054794521 | D77: 4577759.5 | E77: 4577759.5 | F77: 9155519.1 | G77: 7477007.2 | H77: 6714047.3 | I77: 17166598 | J77: 15793270 | L77: PRJ00193 | M77: 8 | N77: 0.10666667 | O77: 8911371.9 | P77: 8911371.9 | Q77: 17822744 | R77: 14555241 | S77: 13070012 | T77: 33417645 | U77: 30744233
A78: PRJ00569 | B78: 8 | C78: 0.10958904 | D78: 9155519.1 | E78: 9155519.1 | F78: 18311038 | G78: 14954014 | H78: 13428095 | I78: 34333196 | J78: 31586541 | L78: PRJ00253 | M78: 10 | N78: 0.13333333 | O78: 11139215 | P78: 11139215 | Q78: 22278430 | R78: 18194051 | S78: 16337515 | T78: 41772056 | U78: 38430291
A79: PRJ00669 | B79: 8 | C79: 0.10958904 | D79: 9155519.1 | E79: 9155519.1 | F79: 18311038 | G79: 14954014 | H79: 13428095 | I79: 34333196 | J79: 31586541 | L79: PRJ00305 | M79: 5 | N79: 0.066666667 | O79: 5569607.4 | P79: 5569607.4 | Q79: 11139215 | R79: 9097025.5 | S79: 8168757.6 | T79: 20886028 | U79: 19215146
A80: PRJ00829 | B80: 6 | C80: 0.082191781 | D80: 6866639.3 | E80: 6866639.3 | F80: 13733279 | G80: 11215511 | H80: 10071071 | I80: 25749897 | J80: 23689906 | L80: PRJ00445 | M80: 2 | N80: 0.026666667 | O80: 2227843 | P80: 2227843 | Q80: 0 | R80: 3638810.2 | S80: 3267503 | T80: 8354411.1 | U80: 7686058.2
A81: PRJ00878 | B81: 8 | C81: 0.10958904 | D81: 9155519.1 | E81: 9155519.1 | F81: 18311038 | G81: 14954014 | H81: 13428095 | I81: 34333196 | J81: 31586541 | L81: PRJ00585 | M81: 5 | N81: 0.066666667 | O81: 5569607.4 | P81: 5569607.4 | Q81: 11139215 | R81: 9097025.5 | S81: 8168757.6 | T81: 20886028 | U81: 19215146
A82: PRJ00889 | B82: 10 | C82: 0.1369863 | D82: 11444399 | E82: 11444399 | F82: 22888798 | G82: 18692518 | H82: 16785118 | I82: 42916496 | J82: 39483176 | L82: PRJ00605 | M82: 10 | N82: 0.13333333 | O82: 0 | P82: 11139215 | Q82: 22278430 | R82: 18194051 | S82: 16337515 | T82: 41772056 | U82: 38430291
A83: PRJ00949 | B83: 3 | C83: 0.04109589 | D83: 3433319.6 | E83: 3433319.6 | F83: 6866639.3 | G83: 5607755.4 | H83: 5035535.5 | I83: 12874949 | J83: 11844953 | L83: PRJ00673 | M83: 0 | N83: 0 | O83: 11139215 | P83: 0 | Q83: 4455685.9 | R83: 0 | S83: 0 | T83: 16708822 | U83: 0
L84: PRJ00733 | M84: 2 | N84: 0.026666667 | O84: 2227843 | P84: 2227843 | Q84: 4455685.9 | R84: 3638810.2 | S84: 3267503 | T84: 8354411.1 | U84: 7686058.2
L85: PRJ00925 | M85: 3 | N85: 0.04 | O85: 3341764.5 | P85: 3341764.5 | Q85: 6683528.9 | R85: 5458215.3 | S85: 4901254.5 | T85: 12531617 | U85: 11529087
L86: PRJ00945 | M86: 4 | N86: 0.053333333 | O86: 4455685.9 | P86: 4455685.9 | Q86: 8911371.9 | R86: 7277620.4 | S86: 6535006 | T86: 16708822 | U86: 15372116
L87: PRJ00960 | M87: 5 | N87: 0.066666667 | O87: 5569607.4 | P87: 5569607.4 | Q87: 11139215 | R87: 9097025.5 | S87: 8168757.6 | T87: 20886028 | U87: 19215146
L88: PRJ01000 | M88: 2 | N88: 0.026666667 | O88: 2227843 | P88: 2227843 | Q88: 4455685.9 | R88: 3638810.2 | S88: 3267503 | T88: 8354411.1 | U88: 7686058.2
A91: AM006 | L91: AM007
D92: 1.5 | E92: 1.2 | F92: 2 | G92: 1.4 | H92: 1.1 | I92: 2.5 | J92: 2.3 | O92: 0.5 | P92: 0.2 | Q92: 0.1 | R92: 1 | S92: 0.2 | T92: 0.005 | U92: 0.67
A93: p_id | B93: 63 | C93: 1 | D93: 83544111 | E93: 83544111 | F93: 1.6708822e+08 | G93: 1.3645538e+08 | H93: 1.2253136e+08 | I93: 3.1329042e+08 | J93: 2.8822718e+08 | L93: p_id | M93: 72 | N93: 1 | O93: 13924019 | P93: 6962009.3 | Q93: 4177205.6 | R93: 48734065 | S93: 11139215 | T93: 313290.42 | U93: 41980916
A94: PRJ00023 | B94: 1 | C94: 0.015873016 | D94: 1326097 | E94: 1326097 | F94: 2652194 | G94: 2165958.4 | H94: 1944942.3 | I94: 4972863.8 | J94: 4575034.7 | L94: PRJ00041 | M94: 3 | N94: 0.041666667 | O94: 580167.44 | P94: 290083.72 | Q94: 174050.23 | R94: 2030586 | S94: 464133.95 | T94: 13053.767 | U94: 1749204.8
A95: PRJ00106 | B95: 10 | C95: 0.15873016 | D95: 13260970 | E95: 13260970 | F95: 26521940 | G95: 21659584 | H95: 19449423 | I95: 49728638 | J95: 45750347 | L95: PRJ00071 | M95: 1 | N95: 0.013888889 | O95: 193389.15 | P95: 96694.573 | Q95: 58016.744 | R95: 676862.01 | S95: 154711.32 | T95: 4351.2558 | U95: 583068.28
A96: PRJ00186 | B96: 2 | C96: 0.031746032 | D96: 2652194 | E96: 2652194 | F96: 5304388 | G96: 4331916.9 | H96: 3889884.5 | I96: 9945727.5 | J96: 9150069.3 | L96: PRJ00091 | M96: 9 | N96: 0.125 | O96: 1740502.3 | P96: 870251.16 | Q96: 522150.7 | R96: 6091758.1 | S96: 1392401.9 | T96: 39161.302 | U96: 5247614.5
A97: PRJ00266 | B97: 4 | C97: 0.063492063 | D97: 5304388 | E97: 5304388 | F97: 10608776 | G97: 8663833.8 | H97: 7779769.1 | I97: 19891455 | J97: 18300139 | L97: PRJ00151 | M97: 9 | N97: 0.125 | O97: 1740502.3 | P97: 870251.16 | Q97: 522150.7 | R97: 6091758.1 | S97: 1392401.9 | T97: 39161.302 | U97: 5247614.5
A98: PRJ00316 | B98: 4 | C98: 0.063492063 | D98: 5304388 | E98: 5304388 | F98: 10608776 | G98: 8663833.8 | H98: 7779769.1 | I98: 19891455 | J98: 18300139 | L98: PRJ00191 | M98: 8 | N98: 0.11111111 | O98: 1547113.2 | P98: 773556.59 | Q98: 464133.95 | R98: 5414896.1 | S98: 1237690.5 | T98: 34810.046 | U98: 4664546.2
A99: PRJ00376 | B99: 3 | C99: 0.047619048 | D99: 3978291 | E99: 3978291 | F99: 7956582 | G99: 6497875.3 | H99: 5834826.8 | I99: 14918591 | J99: 13725104 | L99: PRJ00221 | M99: 10 | N99: 0.13888889 | O99: 1933891.5 | P99: 966945.73 | Q99: 580167.44 | R99: 6768620.1 | S99: 1547113.2 | T99: 43512.558 | U99: 5830682.8
A100: PRJ00646 | B100: 7 | C100: 0.11111111 | D100: 9282679 | E100: 9282679 | F100: 18565358 | G100: 15161709 | H100: 13614596 | I100: 34810046 | J100: 32025243 | L100: PRJ00291 | M100: 8 | N100: 0.11111111 | O100: 1547113.2 | P100: 773556.59 | Q100: 464133.95 | R100: 5414896.1 | S100: 1237690.5 | T100: 34810.046 | U100: 4664546.2
A101: PRJ00726 | B101: 7 | C101: 0.11111111 | D101: 9282679 | E101: 9282679 | F101: 18565358 | G101: 15161709 | H101: 13614596 | I101: 34810046 | J101: 32025243 | L101: PRJ00361 | M101: 3 | N101: 0.041666667 | O101: 580167.44 | P101: 290083.72 | Q101: 174050.23 | R101: 2030586 | S101: 464133.95 | T101: 13053.767 | U101: 1749204.8
A102: PRJ00766 | B102: 1 | C102: 0.015873016 | D102: 1326097 | E102: 1326097 | F102: 2652194 | G102: 2165958.4 | H102: 1944942.3 | I102: 4972863.8 | J102: 4575034.7 | L102: PRJ00481 | M102: 2 | N102: 0.027777778 | O102: 386778.29 | P102: 193389.15 | Q102: 116033.49 | R102: 1353724 | S102: 309422.63 | T102: 8702.5116 | U102: 1166136.6
A103: PRJ00816 | B103: 7 | C103: 0.11111111 | D103: 9282679 | E103: 9282679 | F103: 18565358 | G103: 15161709 | H103: 13614596 | I103: 34810046 | J103: 32025243 | L103: PRJ00521 | M103: 7 | N103: 0.097222222 | O103: 1353724 | P103: 676862.01 | Q103: 406117.21 | R103: 4738034.1 | S103: 1082979.2 | T103: 30458.791 | U103: 4081477.9
A104: PRJ00846 | B104: 2 | C104: 0.031746032 | D104: 2652194 | E104: 2652194 | F104: 5304388 | G104: 4331916.9 | H104: 3889884.5 | I104: 9945727.5 | J104: 9150069.3 | L104: PRJ00591 | M104: 5 | N104: 0.069444444 | O104: 966945.73 | P104: 483472.87 | Q104: 290083.72 | R104: 3384310.1 | S104: 773556.59 | T104: 21756.279 | U104: 2915341.4
... A106: PRJ00968 | B106: 8 | C106: 0.12698413 | D106: 10608776 | E106: 10608776 | F106: 21217552 | G106: 17327668 | H106: 15559538 | I106: 39782910 | J106: 36600277 | L106: PRJ00871 | M106: 6 | N106: 0.083333333 | O106: 1160334.9 | P106: 580167.44 | Q106: 348100.46 | R106: 4061172.1 | S106: 928267.9 | T106: 26107.535 | U106: 3498409.7
A109: AM008 | L109: AM009
D110: 0.5 | E110: 0.2 | F110: 0.1 | G110: 1 | H110: 0.2 | I110: 0.005 | J110: 0.67 | O110: 0.5 | P110: 0.2 | Q110: 0.1 | R110: 1 | S110: 0.2 | T110: 0.005 | U110: 0.67
A111: p_id | B111: 95 | C111: 0.90526316 | D111: 13924019 | E111: 6962009.3 | F111: 4177205.6 | G111: 48734065 | H111: 11139215 | I111: 313290.42 | J111: 41980916 | L111: AM009 | M111: 66 | N111: 1 | O111: 13924019 | P111: 6962009.3 | Q111: 4177205.6 | R111: 48734065 | S111: 11139215 | T111: 313290.42 | U111: 41980916
A112: PRJ00007 | B112: 9 | C112: 0.094736842 | D112: 1319117.5 | E112: 659558.77 | F112: 395735.26 | G112: 4616911.4 | H112: 1055294 | I112: 29680.145 | J112: 3977139.4 | L112: p_id | M112: 1 | N112: 0.015151515 | O112: 210969.98 | P112: 105484.99 | Q112: 63290.993 | R112: 738394.92 | S112: 168775.98 | T112: 4746.8245 | U112: 636074.48
A113: PRJ00040 | B113: 9 | C113: 0.094736842 | D113: 1319117.5 | E113: 659558.77 | F113: 395735.26 | G113: 4616911.4 | H113: 1055294 | I113: 29680.145 | J113: 3977139.4 | L113: PRJ00030 | M113: 5 | N113: 0.075757576 | O113: 1054849.9 | P113: 527424.95 | Q113: 316454.97 | R113: 3691974.6 | S113: 843879.91 | T113: 23734.123 | U113: 3180372.4
A114: PRJ00079 | B114: 8 | C114: 0.084210526 | D114: 1172548.9 | E114: 586274.47 | F114: 351764.68 | G114: 4103921.3 | H114: 938039.15 | I114: 26382.351 | J114: 3535235 | L114: PRJ00039 | M114: 3 | N114: 0.045454545 | O114: 632909.93 | P114: 316454.97 | Q114: 189872.98 | R114: 2215184.8 | S114: 506327.95 | T114: 14240.474 | U114: 1908223.5
A115: PRJ00088 | B115: 3 | C115: 0.031578947 | D115: 439705.85 | E115: 219852.92 | F115: 131911.75 | G115: 1538970.5 | H115: 351764.68 | I115: 9893.3816 | J115: 1325713.1 | L115: PRJ00150 | M115: 6 | N115: 0.090909091 | O115: 1265819.9 | P115: 632909.93 | Q115: 379745.96 | R115: 4430369.5 | S115: 1012655.9 | T115: 28480.947 | U115: 3816446.9
A116: PRJ00108 | B116: 1 | C116: 0.010526316 | D116: 146568.62 | E116: 73284.308 | F116: 43970.585 | G116: 512990.16 | H116: 117254.89 | I116: 3297.7939 | J116: 441904.38 | L116: PRJ00220 | M116: 6 | N116: 0.090909091 | O116: 1265819.9 | P116: 632909.93 | Q116: 379745.96 | R116: 4430369.5 | S116: 1012655.9 | T116: 28480.947 | U116: 3816446.9
...

Sheet Sheet8
